_id,dataset,length_bucket,zero_gen_tokens,original_gen_tokens,original_minus_zero_tokens,zero_score,original_score,original_minus_zero_score,zero_copy_ratio,original_copy_ratio,zero_explanation,original_explanation,zero_empty_or_missing,original_empty_or_missing
004f56357e6d3851026b1a760360d2edc0e23d1d997bfea8,2wikimqa_e,4k-8k,7,7,0,0.00000000,0.00000000,0.00000000,0.00000000,0.00000000,0,0,0,0
00e1a8b8cfeaabd963a2c0596046c334791e0d0b4ce7b99d,gov_report_e,8k+,2048,2048,0,0.16555270,0.16555270,0.00000000,0.00000000,0.00000000,1,1,0,0
0108dc554454ee9588a103ed696da4a5b64baabaf365c0c7,hotpotqa_e,4k-8k,6,5,-1,1.00000000,1.00000000,0.00000000,0.50000000,0.50000000,0,0,0,0
016acda6d2273fce43a10dc6e2ad33d83b7ffccc9151ac09,lcc_e,0-4k,15,15,0,0.00000000,0.00000000,0.00000000,0.00000000,0.00000000,0,0,0,0
01a9ec56805c938ec7ad3cc00bd2d02b8347194fd7e6a0a4,qasper_e,4k-8k,7,3,-4,0.37500000,0.16666667,-0.20833333,0.20000000,0.00000000,0,0,0,0
01f2daeaf538f2fe512ea44ea999e66a1b190a1b1d283ddf,2wikimqa_e,8k+,17,17,0,0.00000000,0.00000000,0.00000000,0.63636364,0.14285714,0,0,0,0
0244bc8e634ffd31a57a2d1489838de1d92750cf2823b10f,gov_report_e,0-4k,152,2048,1896,0.12589413,0.11544304,-0.01045110,0.00000000,0.00000000,0,0,0,0
02513c860fc404c6b1699996b4050baf146fb6922fb8b365,multi_news_e,8k+,2048,317,-1731,0.03497164,0.16141732,0.12644568,0.00000000,0.00000000,0,0,0,0
028d0d3411fcc9c1eb801adb04137e71976b26af8c29d172,passage_retrieval_en_e,8k+,2048,2048,0,0.00000000,0.00000000,0.00000000,0.00000000,0.00000000,0,1,0,0
02fa887706420d04baac1896a028bd74ff94ed29cd375ad1,lcc_e,8k+,2048,2048,0,0.00000000,0.00000000,0.00000000,0.00000000,0.00000000,0,0,0,0
034a7eee7ac4bfb7d4e20328058e5e0853b9b86ff280a960,multi_news_e,0-4k,236,218,-18,0.28125000,0.28215768,0.00090768,0.00000000,0.00000000,0,0,0,0
03cceaae7e78f9d216abf00dd46b4252a23ef664a49a90af,lcc_e,8k+,9,2048,2039,0.00000000,0.00000000,0.00000000,0.00000000,0.00000000,0,0,0,0
047e72df3b20b45f9d12a1e9ebde2f68543874f9dc47408b,trec_e,8k+,9,9,0,0.00000000,0.00000000,0.00000000,0.00000000,0.00000000,0,0,0,0
048c12357868d908dfb979ef3c5c6cf7f6d85053acf1cac4,multifieldqa_en_e,4k-8k,29,29,0,0.85000000,0.85000000,0.00000000,0.08695652,0.08695652,1,1,0,0
04c03d81c1505c2adfec59e4eda1cde76fe908827c6a9117,triviaqa_e,8k+,2048,2048,0,0.00195122,0.00292398,0.00097276,1.00000000,1.00000000,1,1,0,0
04edae7bf8afca9405e313dc9e94fd4388588df9b2dc6f05,gov_report_e,0-4k,2048,2048,0,0.03431101,0.03856454,0.00425353,0.00000000,0.00000000,0,0,0,0
052c1aac57e79fd7527edae9cd17907b8f82cdd93199eebd,passage_count_e,8k+,3,4,1,0.00000000,0.00000000,0.00000000,0.00000000,0.00000000,0,0,0,0
0561733d60198a9ec4ef0dc11f3f7c410f6d98a262c51846,gov_report_e,8k+,2048,2048,0,0.07602065,0.06011664,-0.01590400,0.00000000,0.00000000,1,1,0,0
057825ccae08914141f814474a579f5ecbb2c7a68770bce9,multi_news_e,8k+,2048,2048,0,0.05876951,0.06182670,0.00305718,0.00000000,0.00000000,0,0,0,0
05f8c21e623c7e59c92bc6c592d85bea2217b76e760a5702,trec_e,8k+,7,2048,2041,0.00000000,0.00000000,0.00000000,0.00000000,0.00000000,1,1,0,0
062118817bdc9a092da1d4524629824f4e88305dc9eb112e,lcc_e,8k+,10,10,0,0.00000000,0.00000000,0.00000000,0.00000000,0.00000000,0,0,0,0
064961ef65cb72f581caaa1101c49e14fc37e564d11df840,hotpotqa_e,8k+,18,21,3,0.00000000,0.00000000,0.00000000,0.90909091,0.92857143,0,0,0,0
06abd6a731c50d0ca0c26f3a2cab786097c6d54284a9f8dd,repobench-p_e,8k+,15,22,7,0.00000000,0.00000000,0.00000000,1.00000000,1.00000000,0,0,0,0
06b7e18cf06f5e69ec00eac07af44f2f895ef671a07b0a5b,gov_report_e,0-4k,2048,2048,0,0.10923277,0.09523810,-0.01399467,0.00000000,0.00000000,0,0,0,0
071058df5a49fa6c1fab1c30758ab6ad733057bf4ef4b1ac,trec_e,8k+,2048,2048,0,0.00000000,0.00000000,0.00000000,0.99804878,0.99804878,1,1,0,0
07521f00b5acdae45f839b04a94d6fd31357d2a71b3337a5,gov_report_e,8k+,2048,2048,0,0.13186813,0.15122471,0.01935658,0.00000000,0.00000000,0,0,0,0
079131850286083a72ba811e3124c3c266f7a7aba5b7f5b6,2wikimqa_e,8k+,6,18,12,0.50000000,0.20000000,-0.30000000,1.00000000,1.00000000,0,0,0,0
085df89ecf6661813ba3b736f6a220914abbddef2319ace1,gov_report_e,8k+,2048,2048,0,0.11021378,0.06232521,-0.04788857,0.00000000,0.00000000,0,0,0,0
0874617ba73c23542f0abc0a68c4792cf2c535bbec0e11b5,2wikimqa_e,8k+,4,4,0,0.00000000,0.00000000,0.00000000,0.00000000,0.00000000,0,0,0,0
08bcd7878c5c8b4d4f7f470671b1d87afeef0ab65ec1ef76,repobench-p_e,8k+,10,9,-1,0.00000000,0.00000000,0.00000000,1.00000000,1.00000000,0,0,0,0
08fd858ac2a2fe76b679bacf9a505745fba306bc5d153bb8,multi_news_e,4k-8k,2048,589,-1459,0.05885390,0.15269461,0.09384071,0.00000000,0.00000000,0,0,0,0
0933b50ebdf4565eaf510aad662be7dc9e8da831eae836a1,gov_report_e,4k-8k,2048,2048,0,0.13752809,0.14758751,0.01005942,0.00000000,0.00000000,1,1,0,0
0952fb1cf4d43242a0ca796a775a4bbd7612664101b5441e,lcc_e,8k+,8,17,9,0.00000000,0.00000000,0.00000000,0.00000000,0.00000000,0,0,0,0
09982db6d638e00fe6f341b1162bfbab92340c15c96a08da,repobench-p_e,8k+,15,15,0,1.00000000,1.00000000,0.00000000,0.50000000,0.50000000,0,0,0,0
09f692cea356fed7f1ab1821256e7b3b965e31325b1eb027,trec_e,4k-8k,4,16,12,0.00000000,0.00000000,0.00000000,1.00000000,0.50000000,1,1,0,0
0acbe230ab8268ce07ec24819cb6e5715bd7a7cccb8edfab,trec_e,8k+,2048,4,-2044,0.00000000,1.00000000,1.00000000,0.00000000,0.00000000,1,0,0,0
0af8a4d6da92d00ea240eb42cd7be0a8acb7aaad5f5df9e3,repobench-p_e,4k-8k,15,18,3,0.00000000,0.00000000,0.00000000,0.66666667,0.75000000,0,0,0,0
0afd18e8143aff5535b07a000a580a11073ca1deab18b9ea,triviaqa_e,8k+,2048,5,-2043,0.00000000,0.00000000,0.00000000,0.50000000,0.00000000,0,0,0,0
0b17925cad5c3390e9294b318b7049338619abe2362a1b07,samsum_e,4k-8k,24,8,-16,0.27906977,0.13793103,-0.14113873,0.70000000,1.00000000,0,0,0,0
0bc3341fffaad3e92d14d64b539df741528ef4e2b76e9632,2wikimqa_e,0-4k,22,27,5,0.48000000,0.48000000,0.00000000,1.00000000,0.94736842,1,1,0,0
0bcc458ed54b58e54442eda5d83a809d8114f6dd74bc42f2,passage_count_e,4k-8k,2048,3,-2045,0.00000000,0.00000000,0.00000000,0.00000000,0.00000000,0,0,0,0
0c65aac0b0df9df0dacdc70b054d75c836cabdb5471a2c00,trec_e,4k-8k,2048,2048,0,0.00000000,0.00000000,0.00000000,1.00000000,0.74984747,0,0,0,0
0c9128c480839b43dd99fb22888b05db288af1a8de80a9fa,triviaqa_e,4k-8k,3,3,0,0.00000000,0.00000000,0.00000000,1.00000000,1.00000000,0,0,0,0
0ca1752026a4d97eefda78e5af2a062dd953311a0c4cc88e,trec_e,4k-8k,2048,8,-2040,0.00000000,0.00000000,0.00000000,0.00000000,0.00000000,0,0,0,0
0cc803bf449c7c83013f18bfd0301e1cde02c809a0bbd0a8,multi_news_e,4k-8k,300,2048,1748,0.19354839,0.05826127,-0.13528712,0.00000000,0.00000000,1,0,0,0
0d42be0ec18776870876934959bda7c4a4856061bc7cb427,passage_count_e,4k-8k,3,3,0,0.00000000,0.00000000,0.00000000,0.00000000,0.00000000,0,0,0,0
0d54623736a9c423848fc0b278c2069aeb58de2882f7503e,hotpotqa_e,0-4k,3,6,3,0.66666667,0.40000000,-0.26666667,0.00000000,0.00000000,1,1,0,0
0e0a0eea7931b12a54f968dec16970d291a10c0ee9699920,multi_news_e,8k+,2048,428,-1620,0.07286569,0.15465729,0.08179161,0.00000000,0.00000000,1,1,0,0
0e0bc7878677a1e7602253b2c26f6f96e58bc454b2b03ab8,2wikimqa_e,8k+,3,3,0,0.00000000,0.00000000,0.00000000,0.00000000,0.00000000,0,0,0,0
0e15c19a6d349f04767da430e9c1e65a4cd3320019c2c3a3,samsum_e,8k+,10,10,0,0.18750000,0.18750000,0.00000000,0.71428571,0.71428571,0,0,0,0
0e4b6fd7e9532b62224647c07b72d1ef61b5442a96507314,passage_count_e,4k-8k,2048,2048,0,0.00000000,0.00000000,0.00000000,0.00000000,0.00000000,0,0,0,0
0e8106d6977e213b0841509e63cbdd2dca8d0e83ab191cd7,samsum_e,8k+,10,10,0,0.35294118,0.35294118,0.00000000,0.50000000,0.50000000,0,0,0,0
0eae3b14e63c0c4c614692bba1eb71a17221bdf271227001,samsum_e,8k+,19,16,-3,0.08333333,0.08888889,0.00555556,0.66666667,0.66666667,0,0,0,0
0fad908bd27911fe79e7d2195b2ae05d784e8b75388478f3,passage_retrieval_en_e,4k-8k,5,5,0,1.00000000,1.00000000,0.00000000,0.00000000,0.00000000,0,0,0,0
10139de10fc6fe7e1fed08528f508b2856472376409da892,triviaqa_e,8k+,2048,2048,0,0.00292398,0.00292398,0.00000000,1.00000000,1.00000000,1,1,0,0
10a463a23d667e31a9660f2f0493fa4a9a6e42cab4aee1c3,triviaqa_e,8k+,7,11,4,0.66666667,0.50000000,-0.16666667,1.00000000,1.00000000,1,1,0,0
10bc38f76e4c289c34c3bad79da384763efb03b79c19d98b,2wikimqa_e,0-4k,7,7,0,0.00000000,0.00000000,0.00000000,1.00000000,1.00000000,0,0,0,0
10e7dcc60e5dc9abd1404998ac8faffcc1f086f353496f21,hotpotqa_e,8k+,5,5,0,0.15384615,0.15384615,0.00000000,0.00000000,0.00000000,0,0,0,0
11697ce7f07d6badb6224d68ed40229693b66941ed3a156d,qasper_e,4k-8k,24,24,0,0.11764706,0.11764706,0.00000000,0.00000000,0.00000000,0,0,0,0
1225253c145f6b2b01a6544c9848658ca97bd508b453de21,samsum_e,4k-8k,13,13,0,0.30000000,0.30000000,0.00000000,0.77777778,0.77777778,0,0,0,0
122c2ffc7a79d71726b4a5273557a1907f9b1097d22c1902,passage_retrieval_en_e,8k+,4,4,0,1.00000000,1.00000000,0.00000000,0.00000000,0.00000000,0,0,0,0
1231ee78575d7c89cedcde393289ddeada21418687316722,gov_report_e,8k+,2048,297,-1751,0.12189813,0.18372703,0.06182891,0.00000000,0.00000000,0,0,0,0
12853912a7aeb218a05358be6e786682808d91bab3072504,triviaqa_e,8k+,7,7,0,0.00000000,0.00000000,0.00000000,1.00000000,1.00000000,0,0,0,0
12f13f14cd495b2645aef74b13719393fa6ce6c656a6504d,repobench-p_e,4k-8k,12,12,0,0.00000000,0.00000000,0.00000000,1.00000000,1.00000000,0,0,0,0
132ca4e56241140797d3153d618d254a15a41bd3d5ce936b,trec_e,0-4k,4,4,0,0.00000000,0.00000000,0.00000000,0.00000000,0.00000000,0,0,0,0
1365037de20e30d7ee6df9d00387897593be59d3664892ac,multi_news_e,4k-8k,241,220,-21,0.19864560,0.19811321,-0.00053239,0.00000000,0.00000000,0,0,0,0
1383a998d90865a428c7473962d244e68debb1045b9896ed,gov_report_e,0-4k,417,383,-34,0.15660377,0.15682478,0.00022101,0.00000000,0.00000000,1,1,0,0
13b04172d2261a0c9545a0e3670c1c43105ccab41ce1a726,multifieldqa_en_e,4k-8k,3,3,0,0.20000000,0.20000000,0.00000000,0.00000000,0.00000000,0,0,0,0
1402024a3ee1e58153e44e8f472dfaf23ab070c5cb912be2,triviaqa_e,8k+,2048,2048,0,0.00486618,0.00486618,0.00000000,0.99756098,0.99756098,1,1,0,0
14407f1d7c9c6c4a173a5aae06de2a46a24257ba6e98bf2b,qasper_e,4k-8k,27,27,0,0.20000000,0.20000000,0.00000000,0.00000000,0.00000000,0,0,0,0
1443430475309d05eb23043251943ee0b3c3ade6f0730fdc,qasper_e,0-4k,2048,2048,0,0.03553299,0.01053741,-0.02499559,0.00140252,0.00114416,0,0,0,0
14a3bbb82b8513481e056adb121e5b37e648bb44e97406f2,qasper_e,8k+,3,5,2,0.00000000,0.10000000,0.10000000,0.00000000,0.66666667,0,0,0,0
154a6622a73d4e3db1f02476113b94d8c527b7d0ac01ed9a,2wikimqa_e,4k-8k,19,19,0,0.25000000,0.00000000,-0.25000000,0.66666667,0.83333333,0,0,0,0
158b7db2e111643f66315da64d8459f61ad6dd62f5f24c2c,samsum_e,0-4k,2048,2048,0,0.00435098,0.00435098,0.00000000,0.50000000,0.50000000,0,0,0,0
15a1763a270aaf9575fc3d2e9bdeb742f45ae41c5eb445b4,multi_news_e,0-4k,181,181,0,0.15282392,0.15282392,0.00000000,0.00000000,0.00000000,0,0,0,0
15adfca5ac1b7871589c9976c10ed76467b34af054d1b18e,qasper_e,8k+,3,3,0,0.00000000,0.00000000,0.00000000,0.00000000,0.00000000,0,0,0,0
15ee6947e6e133b2807ddcc01eb9c40dff28aa7b082746e9,gov_report_e,8k+,285,288,3,0.22053232,0.21990521,-0.00062711,0.00000000,0.00000000,1,1,0,0
163ba9ab3a8720b6b3e391e3fd85f582977e28ed27e2a9c2,lcc_e,0-4k,9,9,0,0.00000000,0.00000000,0.00000000,0.00000000,0.00000000,0,0,0,0
16b5ec5ab3d64bb7e55f0025816d75912be3c7d0f3d2c8b3,repobench-p_e,8k+,7,12,5,0.00000000,0.00000000,0.00000000,0.75000000,0.83333333,0,0,0,0
16b98a59e06d1c72b4da73f79e5c99f936e8c2fdbee29a0b,2wikimqa_e,4k-8k,2048,2048,0,0.00388350,0.00388350,0.00000000,0.99902724,0.99902724,1,1,0,0
1727a872e23e1bdc6e32030ff5643e04808dd390473c3e73,samsum_e,0-4k,2048,2048,0,0.00386100,0.00386100,0.00000000,0.33463542,0.33463542,0,0,0,0
17572470452faa7617467f79050b8233589347c9ce587dba,hotpotqa_e,4k-8k,4,2048,2044,0.00000000,0.00000000,0.00000000,1.00000000,1.00000000,0,0,0,0
1757dd4a643627e0441e62284868bc9c5ba99dbcbcc1eb42,triviaqa_e,0-4k,6,6,0,0.66666667,0.66666667,0.00000000,1.00000000,1.00000000,1,1,0,0
1847319eac798af8c285ad27bb4d446fb438ae2c01f5c3a7,repobench-p_e,8k+,25,25,0,0.00000000,0.00000000,0.00000000,0.75000000,0.75000000,1,1,0,0
1893a577539617a31f49735422c235b4db2b8e84f3d7c3c3,samsum_e,8k+,14,9,-5,0.15384615,0.09090909,-0.06293706,0.63636364,0.71428571,0,0,0,0
192744c2c14f9572bfc3d71ced42504e69ccf49d2ec9d39a,lcc_e,8k+,91,82,-9,0.00000000,0.00000000,0.00000000,0.00000000,0.00000000,0,0,0,0
196b9a04e7094ea26773c644198b96abd263bc6c4b59fb56,hotpotqa_e,8k+,11,5,-6,0.20000000,1.00000000,0.80000000,1.00000000,0.25000000,0,0,0,0
19ce7eea60fb00ea9e13296e05d1b64301152439fb8a88f2,lcc_e,8k+,9,9,0,0.00000000,0.00000000,0.00000000,0.00000000,0.00000000,0,0,0,0
1a276604ab10692c64480e83d99a53c121f3dca26d05e5ff,passage_count_e,0-4k,3,3,0,0.00000000,0.00000000,0.00000000,0.00000000,0.00000000,0,0,0,0
1a4e9b1218353f3e3aa39ade5cdb8e7ba1a08cad6371a751,samsum_e,8k+,2048,2048,0,0.00980392,0.01089325,0.00108932,0.57110987,0.57166760,0,0,0,0
1aa7aac093fccb8c81b386b732131d7369ea691d6fde9a49,passage_count_e,0-4k,2048,2048,0,0.00000000,0.00000000,0.00000000,0.00000000,0.00000000,1,1,0,0
1acac2b501c918db8649deb5d075095b32a6c6eab6541f69,2wikimqa_e,4k-8k,5,5,0,1.00000000,1.00000000,0.00000000,1.00000000,1.00000000,0,0,0,0
1b686413964841c81ac3906d53cd4583c834f38b7a417676,passage_count_e,0-4k,3,3,0,0.00000000,0.00000000,0.00000000,0.00000000,0.00000000,0,0,0,0
1b9be121d18a7cb78e9a92589a08d546467d40f05b9103d5,hotpotqa_e,8k+,12,12,0,0.00000000,0.00000000,0.00000000,1.00000000,1.00000000,0,0,0,0
1ba3c7d2289f41ae19e49e96698a80a4bcf5497d520dbc87,passage_count_e,8k+,2048,2048,0,0.00000000,0.00000000,0.00000000,0.00000000,0.00000000,0,0,0,0
1bbf6375f98efb9be3b8e91039a20691117815e9c23c465a,gov_report_e,4k-8k,106,2048,1942,0.10769231,0.03757044,-0.07012186,0.00000000,0.00000000,1,0,0,0
1bd857782a24a8f5d1f53bc514beea66bc1586a9767c5f62,multi_news_e,0-4k,141,151,10,0.13888889,0.15217391,0.01328502,0.00000000,0.00000000,0,0,0,0
1bd9a082bd7b5ab6c152dbda3db38c0c3bc92cddf82383a3,qasper_e,0-4k,9,5,-4,0.50000000,0.26666667,-0.23333333,0.00000000,0.00000000,0,0,0,0
1be41635f109463aad4ac2d71b524edcbdeabced54a0cdc3,triviaqa_e,8k+,6,6,0,1.00000000,1.00000000,0.00000000,1.00000000,1.00000000,0,0,0,0
1c449ce36cc85ff8d217a13b0d2762600b6bd40382f769d0,multi_news_e,4k-8k,2048,2048,0,0.06654676,0.06654676,0.00000000,0.00000000,0.00000000,0,0,0,0
1d03483680feacd45ac2d98f45ad6d7da6602b225d4170c8,trec_e,0-4k,2048,19,-2029,0.00000000,0.00000000,0.00000000,0.00097561,0.44444444,0,0,0,0
1d46294ee8fcc0a64828778b04198fcbe4f75841775e1205,multifieldqa_en_e,8k+,14,14,0,0.57142857,0.57142857,0.00000000,0.77777778,0.77777778,0,0,0,0
1d74cf15feae9302442102605c3838418f99b746b992ae00,qasper_e,4k-8k,4,4,0,0.00000000,0.00000000,0.00000000,0.00000000,0.00000000,0,0,0,0
1dae9ec530a93f43f85bd215a5c0e6737dbcf226cd3541d8,hotpotqa_e,4k-8k,5,5,0,0.00000000,0.00000000,0.00000000,1.00000000,1.00000000,0,0,0,0
1e32138890907e004b364bafa16ceb3e1bacb44cce9f55c2,samsum_e,8k+,13,13,0,0.28571429,0.28571429,0.00000000,1.00000000,1.00000000,0,0,0,0
1ed76938cedc5b6d40b0ed90820994457cdd68365fc99df9,samsum_e,0-4k,2048,10,-2038,0.01153569,0.44444444,0.43290876,0.83174835,0.85714286,0,0,0,0
1ee1da1f940c225dc962b4d1bcc9097a4b58516d36a09350,triviaqa_e,0-4k,3,3,0,1.00000000,1.00000000,0.00000000,1.00000000,1.00000000,0,0,0,0
1fb3a58424e2d55f1d93079cfb842d97d2f3f42b5b36101a,samsum_e,8k+,12,9,-3,0.39024390,0.15384615,-0.23639775,1.00000000,0.71428571,0,0,0,0
1fccb4eae037cddd1d47838eec23335d30627ee193d488d4,hotpotqa_e,8k+,5,5,0,1.00000000,1.00000000,0.00000000,0.66666667,0.66666667,0,0,0,0
200c2fc3a21636526a740d1b20d357aafb5abbb7a9fea050,repobench-p_e,8k+,15,16,1,0.00000000,0.00000000,0.00000000,0.66666667,0.00000000,0,0,0,0
2036210c582c207ea1c73b805810940c96d93637594bcedd,gov_report_e,8k+,2048,2048,0,0.16834171,0.16834171,0.00000000,0.00000000,0.00000000,0,0,0,0
2058adb1a1542341e3df181bcca1c789a8ed960a2bba0e97,passage_count_e,8k+,3,3,0,0.00000000,0.00000000,0.00000000,0.00000000,0.00000000,0,0,0,0
20805632774864599776db2756dd833bf77890b1b9bc29be,gov_report_e,4k-8k,2048,2048,0,0.08975610,0.09064327,0.00088718,0.00000000,0.00000000,0,0,0,0
20c4969159193b8834b5a24760c6929c0a8fd2a78534146c,passage_retrieval_en_e,8k+,4,4,0,1.00000000,1.00000000,0.00000000,0.00000000,0.00000000,0,0,0,0
21c2f78a7e1b691f6d4ef789173f793c9f5cdec5d0dc65fc,trec_e,0-4k,2,2,0,1.00000000,1.00000000,0.00000000,0.00000000,0.00000000,0,0,0,0
21c59f105a9c8a999757df4f3c7329cfe58e7bec4640f1be,passage_retrieval_en_e,8k+,5,5,0,1.00000000,1.00000000,0.00000000,0.00000000,0.00000000,0,0,0,0
22670523b69fec669cb2cd374ac8b1e71bc151223b520314,passage_retrieval_en_e,8k+,5,5,0,1.00000000,0.00000000,-1.00000000,0.00000000,0.00000000,0,0,0,0
229813fd42feee3e7b2aac3de3ada57331ab038272eba2e1,samsum_e,0-4k,37,37,0,0.16393443,0.16393443,0.00000000,1.00000000,1.00000000,0,0,0,0
22f5aea8b6300db6b50933d82d5cd686b36e251c2bb8fff7,repobench-p_e,8k+,12,12,0,0.00000000,0.00000000,0.00000000,1.00000000,1.00000000,0,0,0,0
2332b1a0569df7051e4f8442139c2dbbdf7b27bf1ef7cd16,lcc_e,0-4k,17,2048,2031,0.00000000,0.00000000,0.00000000,0.00000000,0.00000000,0,0,0,0
2344eeed78f160706f574a00ac6fce2601bdfbda95b0847c,2wikimqa_e,8k+,14,14,0,0.00000000,0.00000000,0.00000000,0.09090909,0.09090909,0,0,0,0
238c9791d4b5657f901615f165c478530891a2986fe93d05,2wikimqa_e,4k-8k,4,4,0,0.00000000,0.00000000,0.00000000,1.00000000,1.00000000,0,0,0,0
23c5c348762ecc46a961e091688cef2d95f1461685be7a15,repobench-p_e,8k+,11,16,5,0.00000000,0.00000000,0.00000000,0.00000000,0.16666667,0,0,0,0
2464cb7581c702419271bf4ba18dabb8197774104ba40a1e,lcc_e,8k+,8,10,2,0.00000000,0.00000000,0.00000000,0.00000000,0.00000000,0,0,0,0
24d45304ef61fee3ef388a4a3db86ca441e650453b329cbc,triviaqa_e,8k+,3,3,0,1.00000000,1.00000000,0.00000000,1.00000000,1.00000000,0,0,0,0
24d4b18df735e7da567c674b10bb33fe732f6adb1a771bdf,passage_retrieval_en_e,4k-8k,5,5,0,0.00000000,0.00000000,0.00000000,0.00000000,0.00000000,0,0,0,0
24e4a2bb6b981fad0bd71c8974512c65ee7defd515f0af47,triviaqa_e,8k+,4,4,0,0.00000000,0.00000000,0.00000000,1.00000000,1.00000000,0,0,0,0
2562c68308e254c936f0c6e40ef0cd6136e98adb74ed8651,gov_report_e,4k-8k,816,763,-53,0.19204801,0.18524096,-0.00680705,0.00000000,0.00000000,1,0,0,0
256b6abf9b9ef1ad7683b86c34d71abcfe320f4d72d27ce5,gov_report_e,0-4k,2048,2048,0,0.04591611,0.03748910,-0.00842701,0.00000000,0.00000000,0,0,0,0
258d9a8a7ae6938881999b39e940a9a81bc27e2e276c1e67,trec_e,8k+,2,2,0,0.00000000,0.00000000,0.00000000,0.00000000,0.00000000,0,0,0,0
2594c28a57bcfa0b0f14888647e9c54a8ea56710e4cdf20b,hotpotqa_e,4k-8k,13,13,0,0.00000000,0.00000000,0.00000000,0.40000000,0.40000000,0,0,0,0
25d54c0a145838996b56def82126f35b3fabe3e100d10fc0,multifieldqa_en_e,8k+,2048,2048,0,0.00115875,0.00000000,-0.00115875,0.21141526,0.19230769,0,0,0,0
25e27a4553ca2c4de07c1adc6668d82e9973eeb747409030,repobench-p_e,8k+,118,8,-110,0.00000000,0.00000000,0.00000000,0.02500000,0.66666667,0,0,0,0
265ea3f54487af5925b96621ea6996f05d7bb855acf0b462,triviaqa_e,4k-8k,6,6,0,1.00000000,1.00000000,0.00000000,1.00000000,1.00000000,1,1,0,0
269e030ec5f2155d1d90f3e9724dc1f6e523a949f27d14d7,hotpotqa_e,8k+,12,12,0,0.00000000,0.00000000,0.00000000,0.55555556,0.55555556,0,0,0,0
26e040543f75936db238acc31df350123e8c4beb5118af81,repobench-p_e,8k+,2048,7,-2041,0.00000000,0.00000000,0.00000000,0.00434783,0.75000000,1,0,0,0
276a4316425b84e8746a7d77a36428327adc9d69d917caf9,gov_report_e,4k-8k,2048,2048,0,0.12111293,0.12735282,0.00623989,0.00000000,0.00000000,1,0,0,0
27812d6ea02f9e98707f2f03c0e379417a196e4de5c96493,repobench-p_e,8k+,14,20,6,0.00000000,0.00000000,0.00000000,0.20000000,0.66666667,0,0,0,0
27cd0a16be37c12e0e06753c69a76d29a06204fb969890c3,repobench-p_e,8k+,2048,1934,-114,0.00000000,0.00000000,0.00000000,0.00000000,0.00000000,0,0,0,0
27fa190091460428cd374c49583b9721fbd4a742e0e5e66e,hotpotqa_e,8k+,4,4,0,0.00000000,0.00000000,0.00000000,0.00000000,0.00000000,0,0,0,0
281545dd015defdcfc5daf9f7dc2b02a9e3e3a2ac5bda2f5,repobench-p_e,4k-8k,2048,10,-2038,0.00000000,0.00000000,0.00000000,0.49902153,0.50000000,0,0,0,0
290bb908487a6d2e88a53f395727e7225abdf1260ecaef68,hotpotqa_e,4k-8k,6,6,0,1.00000000,1.00000000,0.00000000,1.00000000,1.00000000,0,0,0,0
292511097c2acdea2de38487c8e58c3e907c3a1509eb2671,passage_count_e,4k-8k,2048,2048,0,0.00000000,0.00000000,0.00000000,0.00000000,0.00000000,1,1,0,0
2953c375f34a8b7df250ffe58d651245f2004f4fc7d96553,multi_news_e,4k-8k,2048,2048,0,0.05446809,0.07989800,0.02542992,0.00000000,0.00000000,0,0,0,0
2980b7644ae898643d310f09451c0a8863f8454382edb655,repobench-p_e,8k+,13,13,0,0.00000000,0.00000000,0.00000000,0.60000000,0.60000000,0,0,0,0
29b2e321a12be20e63e344757c8cd860b742481bec433349,lcc_e,8k+,25,23,-2,0.00000000,0.00000000,0.00000000,0.00000000,0.00000000,1,1,0,0
2a51c07e65a9214ed2cd3c04303afa205e005f4e1ccb172a,qasper_e,4k-8k,4,4,0,0.66666667,0.66666667,0.00000000,0.50000000,0.50000000,1,1,0,0
2a54de979ab1eec474e0411cd269f9600f54b1557608a94f,triviaqa_e,4k-8k,4,4,0,1.00000000,1.00000000,0.00000000,1.00000000,1.00000000,0,0,0,0
2a92d790a85caf339156fe3897d0198a6b211798490142c5,lcc_e,8k+,15,15,0,1.00000000,1.00000000,0.00000000,0.00000000,0.00000000,0,0,0,0
2ab37cba00c32f78c19c74ccedbf3f914de6b4549f2f661d,triviaqa_e,8k+,2048,2048,0,0.00293902,0.00293902,0.00000000,1.00000000,1.00000000,1,1,0,0
2d0e8d88c8dcd187eb0590fb072f6a69bd774c9aa029246b,multifieldqa_en_e,8k+,5,5,0,0.11111111,0.11111111,0.00000000,0.00000000,0.00000000,0,0,0,0
2d48bbc2bd6052c5e67824752a9296cbbc26351616cd6d7e,multifieldqa_en_e,0-4k,10,11,1,1.00000000,1.00000000,0.00000000,0.00000000,0.00000000,0,0,0,0
2d6d3dafd53c0d19c8209cffa9634e26c60b5bbb96cf7a51,triviaqa_e,4k-8k,6,6,0,1.00000000,1.00000000,0.00000000,1.00000000,1.00000000,1,1,0,0
2deacdb9d24dda48db481398bf1ad7e9c8af77bf9c86da33,qasper_e,4k-8k,2048,2048,0,0.00389105,0.00389105,0.00000000,0.00000000,0.00000000,0,0,0,0
2eb19ed6e5997f36d76f5cbde0f21d8106162c8268550c0e,passage_retrieval_en_e,4k-8k,4,4,0,1.00000000,1.00000000,0.00000000,0.00000000,0.00000000,0,0,0,0
2eba946bb02cd774187fc4ebab19ece079c25fe95f6ba846,samsum_e,0-4k,2048,2048,0,0.00449944,0.00449944,0.00000000,0.66666667,0.66666667,0,0,0,0
2eca17c0ad9eb000e038d0185667c9025256b9535b9c5422,samsum_e,4k-8k,115,173,58,0.14876033,0.10465116,-0.04410917,0.83673469,0.85906040,0,0,0,0
2edf7b5e290e4e6db9d048280d672cf3232b014d202a32df,triviaqa_e,8k+,2048,2048,0,0.00389864,0.00389864,0.00000000,1.00000000,1.00000000,1,1,0,0
2f6ead24e100e1ae4b0a7bcc6d437927033643acb271f911,passage_retrieval_en_e,4k-8k,5,5,0,1.00000000,1.00000000,0.00000000,0.00000000,0.00000000,0,0,0,0
2f884872dc18b6360c3fb0de41b17f288ee0834d3f34bff4,trec_e,4k-8k,4,4,0,0.00000000,0.00000000,0.00000000,0.00000000,0.00000000,0,0,0,0
2fd49a8746513d5068ab090891bb9fecbf72bb270477c193,samsum_e,8k+,14,32,18,0.16666667,0.18604651,0.01937984,0.66666667,0.46428571,0,0,0,0
3056ee6e5f33c35fc218f27c9afd5d6f2cd62a940b1d4373,hotpotqa_e,4k-8k,3,3,0,0.00000000,0.00000000,0.00000000,0.00000000,0.00000000,0,0,0,0
306a6e06089f2be5a32c6f2b6ca575cff54ca90f6b05f205,repobench-p_e,8k+,39,2048,2009,0.00000000,0.00000000,0.00000000,0.95000000,0.81778607,0,0,0,0
3161c51051d69b5360ba1832febba7e6d5f733878940b6c8,hotpotqa_e,8k+,3,4,1,0.00000000,0.00000000,0.00000000,0.00000000,0.00000000,0,0,0,0
31a683b8dfd8036c61d738d6bd75c5c6d7e627ba61634b20,qasper_e,0-4k,3,3,0,0.00000000,0.00000000,0.00000000,0.00000000,0.00000000,0,0,0,0
31cd60e0e4f7769a631584652127f3f626f55edc8d85887a,2wikimqa_e,8k+,5,5,0,0.00000000,0.00000000,0.00000000,0.00000000,0.00000000,0,0,0,0
322b4b2b074049aac101086797d655a21671ef5a9f366353,multifieldqa_en_e,0-4k,96,2048,1952,0.22580645,0.00912052,-0.21668593,0.29629630,0.40078585,0,0,0,0
325d8cd412858d285318eb3b241589512f014a8dd81c9dca,lcc_e,0-4k,6,6,0,0.00000000,0.00000000,0.00000000,0.00000000,0.00000000,0,0,0,0
32653016b3ed5a73c18e2a91ce74db9db8a55f1c7c005f56,gov_report_e,0-4k,2048,2048,0,0.18589744,0.19232790,0.00643047,0.00000000,0.00000000,0,0,0,0
32695d486ee42a0b353779c1630f31bd4c2d1f8cedfd08a6,lcc_e,0-4k,18,18,0,0.00000000,0.00000000,0.00000000,0.00000000,0.00000000,0,0,0,0
32ad36b963ce30dc10af96f5fd49615a08f314fd96498faf,hotpotqa_e,0-4k,39,39,0,0.00000000,0.00000000,0.00000000,0.84210526,0.84210526,0,0,0,0
32bc186e5418d5fb839b66d88bdde145d94af05b8567e870,multi_news_e,8k+,142,313,171,0.19435737,0.16018307,-0.03417430,0.00000000,0.00000000,0,0,0,0
3338d76855859f2b827662abe35e38291b8e47a799a0ac34,repobench-p_e,8k+,19,19,0,0.00000000,0.00000000,0.00000000,1.00000000,1.00000000,0,0,0,0
336f4ca1a6c9a0eb88b4620d111a2f99412fafde0ccda30f,2wikimqa_e,0-4k,3,3,0,1.00000000,1.00000000,0.00000000,0.00000000,0.00000000,0,0,0,0
33b0106c47181bf647ce37ad61f25f9386d92addb2647653,repobench-p_e,8k+,12,13,1,0.00000000,0.00000000,0.00000000,0.50000000,0.66666667,0,0,0,0
33c03f43fb0765298f9d05a37fcb6db01c2209fd89d61208,triviaqa_e,8k+,5,3,-2,0.50000000,1.00000000,0.50000000,1.00000000,1.00000000,1,1,0,0
33c79da6f8ac2588e1854e914143b1bca191c90d51db2236,triviaqa_e,4k-8k,5,5,0,0.00000000,0.00000000,0.00000000,1.00000000,1.00000000,0,0,0,0
34876cd63f0e18aebfa721150cc5e3e83c4d46aad5327a28,qasper_e,4k-8k,23,23,0,0.14285714,0.14285714,0.00000000,0.05882353,0.05882353,0,0,0,0
34c5eb16ccc55869a263dfda28d028267e29ee243880c9d5,qasper_e,4k-8k,11,2048,2037,0.32000000,0.01691843,-0.30308157,0.14285714,0.05009163,0,0,0,0
351bdad4f6d1d47cf299e4b7821c10cd834a874391987870,hotpotqa_e,4k-8k,2,2,0,0.00000000,0.00000000,0.00000000,1.00000000,1.00000000,0,0,0,0
35a170925f742e797e3009a3de4fb04254adc24b27c18327,2wikimqa_e,8k+,4,4,0,1.00000000,1.00000000,0.00000000,1.00000000,1.00000000,0,0,0,0
35fb074abd772db388fd92868d850141e4188e3075c57fb2,repobench-p_e,8k+,7,18,11,0.00000000,0.00000000,0.00000000,0.00000000,0.00000000,0,0,0,0
3605abcc4f4de1deab21d77ea9de019d736e6b9331123370,2wikimqa_e,8k+,5,5,0,0.50000000,0.50000000,0.00000000,0.00000000,0.00000000,0,0,0,0
36844ec83d10cb7589958db002ce0acf4524a1bd5f23dc22,2wikimqa_e,4k-8k,6,6,0,0.50000000,0.50000000,0.00000000,1.00000000,1.00000000,0,0,0,0
36919b13c3a8cdb0492789ddaeae1450ea7f735464deb701,lcc_e,8k+,2048,2048,0,0.00000000,0.00000000,0.00000000,0.00000000,0.00000000,0,0,0,0
36dc16385a8001a7ae51f38c895b844764f00aed07cdc47c,triviaqa_e,0-4k,2,2,0,1.00000000,1.00000000,0.00000000,1.00000000,1.00000000,0,0,0,0
370753eb8839de39ee2ded6a2e8723bf24c302f6aac95026,passage_count_e,8k+,3,3,0,0.00000000,0.00000000,0.00000000,0.00000000,0.00000000,0,0,0,0
3795313abd01d109fcd48784fd0930d7af60a7caa223cdfe,2wikimqa_e,8k+,6,6,0,0.57142857,0.57142857,0.00000000,0.66666667,0.66666667,0,0,0,0
379a5df5053403945db30c234b02d7d7087a593b070abb95,2wikimqa_e,4k-8k,7,7,0,0.00000000,0.00000000,0.00000000,1.00000000,1.00000000,0,0,0,0
37a9e5592dcebd2195415e0ec933058aa6e4924e7b765081,multi_news_e,8k+,2048,99,-1949,0.08506429,0.12923077,0.04416648,0.00000000,0.00000000,0,0,0,0
37c2f3d34ab7cc04a5985712fe35b9ec24dd218fa4985772,2wikimqa_e,8k+,28,5,-23,0.35294118,1.00000000,0.64705882,0.64285714,1.00000000,1,0,0,0
3809f116856e090121b8d2d54cb0416076a8916013f06997,2wikimqa_e,8k+,16,13,-3,0.00000000,0.00000000,0.00000000,0.66666667,0.60000000,0,0,0,0
380b8a11402167f3806aee3eca9dbd8feae82a13a1e009d8,gov_report_e,4k-8k,2048,2048,0,0.14165261,0.14165261,0.00000000,0.00000000,0.00000000,0,0,0,0
38b265f4caee01966b67dca127276d17f640322b7a11b3f4,qasper_e,0-4k,3,3,0,1.00000000,1.00000000,0.00000000,0.00000000,0.00000000,0,0,0,0
38cd3e2cf8256291ffa65453250d3756eead761a8ca8761a,lcc_e,8k+,6,6,0,0.00000000,0.00000000,0.00000000,0.00000000,0.00000000,0,0,0,0
38d000a747d3ec34ff55e72e59170c3d7e140db4e57d8bcb,gov_report_e,4k-8k,2048,2048,0,0.11177279,0.09810273,-0.01367006,0.00000000,0.00000000,0,0,0,0
3907166a807e952c279420346a95f5292bbea0e3864c01fc,samsum_e,8k+,7,7,0,0.29629630,0.29629630,0.00000000,1.00000000,1.00000000,0,0,0,0
3909b39ee589824733bcbab63b1b3949577bb2f71ee2116d,multi_news_e,8k+,2048,2048,0,0.09634359,0.09381238,-0.00253121,0.00000000,0.00000000,0,0,0,0
3928e8c8dc5fba6e92fbc1767b746b11e52b364f6075f175,triviaqa_e,8k+,3,3,0,1.00000000,1.00000000,0.00000000,1.00000000,1.00000000,1,1,0,0
392bc40495cce43e82745cc6f8d7f02004f5da0ce7f5f85a,lcc_e,0-4k,15,16,1,0.00000000,0.00000000,0.00000000,0.00000000,0.00000000,0,0,0,0
3986e832a691446dc11b553c3837efbcd0070a267903c179,qasper_e,4k-8k,9,9,0,0.66666667,0.66666667,0.00000000,0.50000000,0.50000000,1,1,0,0
398d902f8270438f3888432b4a16fbea24414840fd61d94a,triviaqa_e,8k+,2048,2048,0,0.00389484,0.00389484,0.00000000,1.00000000,1.00000000,1,1,0,0
39ab1a4a69c4e05686ed2552b41e2caf4e708448e13a315e,trec_e,8k+,15,5,-10,0.00000000,0.00000000,0.00000000,0.72727273,0.00000000,1,0,0,0
3a320618d5e6fda3846d7bdc900cbbac60f0a6a686696917,gov_report_e,4k-8k,2048,2048,0,0.13339108,0.07649334,-0.05689774,0.00000000,0.00000000,0,0,0,0
3a40d35c65b9ce79803469088ac7204019af121390116684,passage_retrieval_en_e,0-4k,4,4,0,1.00000000,1.00000000,0.00000000,0.00000000,0.00000000,0,0,0,0
3a4153b2cd645e567d268c92fc153be937caefb93ac238df,2wikimqa_e,8k+,6,19,13,0.00000000,0.00000000,0.00000000,0.00000000,0.58333333,0,0,0,0
3a455900285582bb4b0ff0b368b2734992a41a8521602b41,triviaqa_e,8k+,2048,2048,0,0.00681818,0.00486618,-0.00195200,1.00000000,0.99756098,1,1,0,0
3a63a9ca3248cecdeef9f43282a5162ff154b0bcdcf4ba81,multifieldqa_en_e,8k+,50,94,44,0.16000000,0.17977528,0.01977528,0.06451613,0.10000000,0,0,0,0
3a98a3f1b3ee260ac74cd5bc1e04e9f88bdaa51a3018ae14,repobench-p_e,4k-8k,9,6,-3,0.00000000,0.00000000,0.00000000,1.00000000,1.00000000,0,0,0,0
3a9e8b1453db3c2f6454e9ee3926124b1bbca244e7f8e637,lcc_e,0-4k,10,10,0,0.00000000,0.00000000,0.00000000,0.00000000,0.00000000,0,0,0,0
3b1543ff19d17116246cdbe33d99666c11b69116fbdc372f,gov_report_e,8k+,421,2048,1627,0.15230961,0.12191842,-0.03039119,0.00000000,0.00000000,0,0,0,0
3b6b720f00e71031e285ae597e39356a707ad00a4c3e8112,trec_e,8k+,17,18,1,0.00000000,0.00000000,0.00000000,0.58333333,0.61538462,1,1,0,0
3b8cdf73ba6193a99f558f6c3436f4fb6337eb509cbc0c20,hotpotqa_e,8k+,3,3,0,0.00000000,0.00000000,0.00000000,1.00000000,1.00000000,0,0,0,0
3bbe79889187b6242bf6c2105f20fab23c710d2ab512f630,qasper_e,4k-8k,6,6,0,0.09090909,0.09090909,0.00000000,0.25000000,0.25000000,0,0,0,0
3c8e9fef2eae8f49aae38b7314a3425b99c3ca8b051e8293,multifieldqa_en_e,4k-8k,8,8,0,0.20000000,0.20000000,0.00000000,0.66666667,0.66666667,0,0,0,0
3cdadb5be4ed28de045f8fc2e382909260a2b70ff26884cb,hotpotqa_e,4k-8k,9,9,0,0.20000000,0.20000000,0.00000000,0.28571429,0.28571429,0,0,0,0
3cf49476ac900d784d92b50749c634b53475752c22e81b05,gov_report_e,4k-8k,2048,2048,0,0.09307031,0.10380267,0.01073236,0.00000000,0.00000000,0,0,0,0
3d2097f7f8c56eeaabe2dc6b60aae3ebbd0dd739edd3d5be,passage_retrieval_en_e,8k+,4,4,0,1.00000000,1.00000000,0.00000000,0.00000000,0.00000000,0,0,0,0
3d24aa7e7377dd3e41c89096e8ca95fda2cfc71205d3617b,trec_e,8k+,2048,2048,0,0.00000000,0.00000000,0.00000000,0.50000000,0.50000000,1,1,0,0
3d454576f6403ef5b8967936713e4eee569ec1e2ba5883bc,hotpotqa_e,8k+,14,17,3,0.00000000,0.13333333,0.13333333,0.54545455,0.64285714,0,1,0,0
3d4dc80b1c9866bfb630c7d6cf48f993abded0a7dda95612,trec_e,0-4k,2048,2048,0,0.00000000,0.00000000,0.00000000,0.00000000,0.00000000,1,1,0,0
3d57887e9bb04d7648a0091d39175cc3acd3b4c1d5e8d98b,samsum_e,8k+,16,16,0,0.55555556,0.55555556,0.00000000,0.66666667,0.66666667,0,0,0,0
3dd4efe4ba810c79311129e5d05cdb01a69522f464c7813d,qasper_e,8k+,2,3,1,0.20000000,0.20000000,0.00000000,0.00000000,0.00000000,0,0,0,0
3e0259a59b6bf5581ced15b76ed9e0754c2ad0cb0d9c1914,triviaqa_e,8k+,7,7,0,1.00000000,1.00000000,0.00000000,1.00000000,1.00000000,1,1,0,0
3e17d816c8a63d4e67b69c6222c4003208218b070b0cf3db,trec_e,0-4k,2048,2048,0,0.00000000,0.00000000,0.00000000,0.00000000,0.00000000,1,1,0,0
3e88932ea0fc3ba56044a3bbbe58e0125f77c63e929c284d,samsum_e,4k-8k,19,72,53,0.14814815,0.08108108,-0.06706707,0.68750000,0.52380952,0,0,0,0
3eac2334d7487e0af820564d78caebec2622d63fd8022b46,hotpotqa_e,8k+,4,4,0,1.00000000,1.00000000,0.00000000,1.00000000,1.00000000,0,0,0,0
3ecc9e2e427f95b0af2c256b0a538ba534a4e28adc21ac29,2wikimqa_e,8k+,18,18,0,0.00000000,0.00000000,0.00000000,0.28571429,0.28571429,0,0,0,0
3f222fd481265de0c5a8ff816cd0b78ac6dd5bad24d6c062,passage_retrieval_en_e,8k+,5,5,0,0.00000000,0.00000000,0.00000000,0.00000000,0.00000000,0,0,0,0
3fca42831fd78b50edcecd41b56417aeca908a1fdffc7a3a,multi_news_e,0-4k,2048,140,-1908,0.04495913,0.12195122,0.07699209,0.00000000,0.00000000,0,0,0,0
4015ec843357a57ba15b7c35c8009145d500a305dbd67416,2wikimqa_e,4k-8k,5,5,0,0.00000000,0.00000000,0.00000000,1.00000000,1.00000000,0,0,0,0
402063f52632615c2195ebbfcbff9e0c93d7ab1eafb500d8,samsum_e,0-4k,2048,36,-2012,0.00787845,0.12000000,0.11212155,0.83371298,0.58620690,0,0,0,0
40232983571b8ce83adcb03ef9ef55c99dc4a019a368f310,samsum_e,0-4k,2048,14,-2034,0.00461627,0.16216216,0.15754589,0.00117165,0.27272727,0,0,0,0
4029f6395e9048f5f683b213797a38915b76ecfeaf5c9972,trec_e,4k-8k,4,4,0,1.00000000,1.00000000,0.00000000,0.00000000,0.00000000,0,0,0,0
403bf116be6dd08bb42a52072139e56f7559dd4c840c76a5,passage_retrieval_en_e,8k+,5,5,0,0.00000000,0.00000000,0.00000000,0.00000000,0.00000000,0,0,0,0
40490daeb7eba9f934f4613aac7ec5d957d1482bce802c8a,qasper_e,4k-8k,19,19,0,0.85714286,0.85714286,0.00000000,0.00000000,0.00000000,0,0,0,0
404e8df45cb609b12a48f91e822740329e92c578fc923da6,triviaqa_e,8k+,2048,2048,0,0.00389484,0.00389484,0.00000000,1.00000000,1.00000000,1,1,0,0
4060ef089906f8090a7c706290292b0553e2314e407106a5,trec_e,4k-8k,2048,2048,0,0.00000000,0.00000000,0.00000000,0.00000000,0.00000000,0,0,0,0
406311f7ab0d87c7aa2a4886827e640bc0848e8206f816c2,hotpotqa_e,0-4k,6,6,0,0.66666667,0.66666667,0.00000000,0.00000000,0.00000000,0,0,0,0
40a85211345155859f3d2f7268da928f516a65ac6f8c6e08,multifieldqa_en_e,4k-8k,12,18,6,0.36363636,0.28571429,-0.07792208,0.40000000,0.25000000,0,0,0,0
40baa4766047cbbb543226998d7748c3140e8103efa2dcd6,trec_e,0-4k,2048,2048,0,0.00000000,0.00000000,0.00000000,1.00000000,1.00000000,0,0,0,0
41377c889af26748393fa4497cff69da8b95a22f3434014b,gov_report_e,4k-8k,286,286,0,0.27432217,0.27432217,0.00000000,0.00000000,0.00000000,0,0,0,0
4158f89e1101af28ce1adee5fa5063b07cfd153cdfa54db2,multi_news_e,8k+,2048,2048,0,0.01708543,0.01708543,0.00000000,0.00000000,0.00000000,0,0,0,0
416048f78a3be5be5fdef7a8d39c04ebbbdfa50703b682bb,lcc_e,8k+,22,22,0,0.00000000,0.00000000,0.00000000,0.00000000,0.00000000,0,0,0,0
41f2a60858668bb262159148aa5e988d1f037c32bc352a71,gov_report_e,8k+,354,472,118,0.39465570,0.40297122,0.00831551,0.00000000,0.00000000,0,0,0,0
42112168fb1213c3b53dd4bf6da5239697e148f9aa0a79bc,repobench-p_e,8k+,130,5,-125,0.00000000,0.00000000,0.00000000,0.00000000,0.00000000,0,0,0,0
4224ab128ca9e42c596fb0fd04ca3d615952f253e3725abe,qasper_e,4k-8k,3,3,0,0.00000000,0.00000000,0.00000000,0.00000000,0.00000000,0,0,0,0
4237e4633fd7cec3eee0ec915db09a89651595d19972e91e,trec_e,8k+,2,2,0,1.00000000,1.00000000,0.00000000,0.00000000,0.00000000,1,1,0,0
4338da57863a4a1efb8e84ceb47cee5e35bae933d7e4b42f,samsum_e,8k+,2048,10,-2038,0.00604595,0.45454545,0.44849951,0.74878049,0.50000000,0,0,0,0
43d11cc5e60d30b11191af188cbee9b4ed98d327b381d7ae,multi_news_e,8k+,2048,2048,0,0.08179163,0.09181464,0.01002301,0.00000000,0.00000000,0,0,0,0
4430289b72b4b32e81c5fccf01473b29b5d1482b127da172,samsum_e,8k+,8,8,0,0.25000000,0.25000000,0.00000000,0.50000000,0.50000000,0,0,0,0
445a75d1328511d00de0aaab23e1dd154d2c1dd95c9970f3,multi_news_e,0-4k,86,86,0,0.33898305,0.33898305,0.00000000,0.00000000,0.00000000,0,0,0,0
44664ca17064aab8ab0587c18d65f54d29acd8da0859f4aa,multi_news_e,0-4k,105,105,0,0.14836795,0.15430267,0.00593472,0.00000000,0.00000000,0,0,0,0
44a30f9afa4b27bee79f93fc89826dc7f09d20b63121d53f,gov_report_e,8k+,2048,2048,0,0.16402356,0.11717974,-0.04684382,0.00000000,0.00000000,0,0,0,0
4517ed026801bdf0e67ebb2bff8db4fdd8c8a690df81ac8b,multi_news_e,8k+,258,152,-106,0.20247934,0.13000000,-0.07247934,0.00000000,0.00000000,1,1,0,0
45d46a317a6af5516a9f431be6958eccfb6e8ef5f8a5a1cf,repobench-p_e,8k+,8,8,0,0.00000000,0.00000000,0.00000000,0.66666667,0.66666667,0,0,0,0
468e9ec2970d43aaea9e630d607c971e70bfc4488c526d65,2wikimqa_e,4k-8k,3,3,0,1.00000000,1.00000000,0.00000000,0.00000000,0.00000000,0,0,0,0
46a23c4e0aac896a129ec04f2958247d5110ed8f6f40fa57,passage_retrieval_en_e,4k-8k,2048,2048,0,0.00000000,0.00000000,0.00000000,0.00000000,0.00000000,1,1,0,0
46ba2c23ca5984bb56fbeb9a70646d61964386c670e81ec1,lcc_e,8k+,2,2,0,0.00000000,0.00000000,0.00000000,0.00000000,0.00000000,0,0,1,1
46cbb91f855819d2efe512e789fdd8b396e01410b16a2362,samsum_e,8k+,14,9,-5,0.30000000,0.26666667,-0.03333333,0.81818182,0.83333333,0,0,0,0
471d9cb59a1c21652129c86006d9d0c5592f5e0867def0cb,lcc_e,0-4k,11,29,18,0.00000000,0.00000000,0.00000000,0.00000000,0.00000000,0,0,0,0
4757e04814693a1a0ddc4c330f892f678a9c74bb49599efb,2wikimqa_e,4k-8k,4,7,3,0.00000000,0.00000000,0.00000000,0.00000000,0.00000000,0,0,0,0
47659268bc430f7e640db930b97fed4d0670cce46cdb83f8,2wikimqa_e,4k-8k,7,70,63,1.00000000,0.18181818,-0.81818182,1.00000000,1.00000000,0,1,0,0
477378915d07764d2b45b9bbef22ed26d78ba8c63a612481,passage_retrieval_en_e,4k-8k,2048,2048,0,0.00000000,0.00000000,0.00000000,0.00000000,0.00000000,0,0,0,0
47bf44b70ff7f01b0d0ebf8cf9fa785f1ae8a31c4af23621,gov_report_e,4k-8k,2048,2048,0,0.14719626,0.12681018,-0.02038609,0.00000000,0.00000000,0,0,0,0
47cd5e5112b2781b51123ef1de243e4e0818c2dd36fdaf5c,hotpotqa_e,4k-8k,5,5,0,0.80000000,0.80000000,0.00000000,1.00000000,1.00000000,0,0,0,0
48082869402e908f6e340d43c01e6181442241c97d6255bf,lcc_e,8k+,2048,208,-1840,0.00000000,0.00000000,0.00000000,0.00000000,0.00000000,0,0,0,0
483d36e9e9465600f4a862f1f3c3e967c9b5038b91fcfde8,trec_e,0-4k,2048,2048,0,0.00000000,0.00000000,0.00000000,0.00000000,0.00000000,0,0,0,0
4889ccd2b4d2920490066e05f9850b226f9e8c037862d630,trec_e,0-4k,4,4,0,1.00000000,1.00000000,0.00000000,0.00000000,0.00000000,0,0,0,0
48bc43cd5d201e2e0b946d7a698c57d60a243df5d687de12,trec_e,4k-8k,348,2048,1700,0.00000000,0.00000000,0.00000000,0.66666667,0.00000000,1,0,0,0
48bcfa812683f00f25e2a63a4db1c1617c26df7cff2ae6dc,triviaqa_e,8k+,2048,2048,0,0.00486618,0.00266134,-0.00220484,0.99878049,1.00000000,1,1,0,0
48d855bfde920e5e4c41f42a9495916d2d62c50a40d29eaa,repobench-p_e,4k-8k,12,12,0,0.00000000,0.00000000,0.00000000,0.25000000,0.25000000,0,0,0,0
48fc8f0bab4c2e63d0703b11d8902a4082d9d77eb8ef611c,qasper_e,0-4k,9,9,0,0.00000000,0.00000000,0.00000000,1.00000000,1.00000000,0,0,0,0
49006540ee321ad906ffe885ce8e608d1caeb0f15789a6b8,triviaqa_e,0-4k,9,9,0,0.33333333,0.33333333,0.00000000,1.00000000,1.00000000,1,1,0,0
499be0794b6f4b61459998f6682e61b8e613e50869bbc1d7,trec_e,8k+,2048,2048,0,0.00000000,0.00000000,0.00000000,0.00000000,0.00000000,0,0,0,0
49b38732bbcae35978fd4c6cfdf9c27b7383109c4b6ad6a9,passage_count_e,4k-8k,2048,2048,0,0.00000000,0.00000000,0.00000000,0.00000000,0.00000000,0,0,0,0
49f17319272be52068b1b9a22d02c70ad07e5118cc418d2b,triviaqa_e,8k+,8,8,0,0.66666667,0.66666667,0.00000000,1.00000000,1.00000000,1,1,0,0
4a23a751a0bff426399edf5c44aacb53e4e2681ed59da98c,lcc_e,8k+,8,8,0,0.00000000,0.00000000,0.00000000,0.00000000,0.00000000,0,0,0,0
4a318078c552864ccd4dbc99ac5b3c21c509258d4bffd94d,trec_e,8k+,2048,2048,0,0.00000000,0.00000000,0.00000000,0.33279089,0.83333333,0,0,0,0
4a411d3fe4d09321113ed30452f76548cf883a5a7d5b2f7a,gov_report_e,8k+,2048,2048,0,0.17021277,0.14634146,-0.02387130,0.00000000,0.00000000,1,1,0,0
4a4a07a6b382ffd4b59514dc2c3f2263cd97e0a17ef08897,2wikimqa_e,4k-8k,3,19,16,1.00000000,0.00000000,-1.00000000,0.00000000,1.00000000,0,0,0,0
4a89fffedfd996923f22dc8237ee29c63a146bee8a90abfa,triviaqa_e,8k+,2048,2048,0,0.00389864,0.00322754,-0.00067109,1.00000000,0.80151025,1,1,0,0
4acaa1cc0eaecac61c46991ccee0538cc3a734b7d5f2ef0a,lcc_e,8k+,5,5,0,0.00000000,0.00000000,0.00000000,0.00000000,0.00000000,0,0,0,0
4ad542cf320f1c01a4bce92a59628789784cf9722d7d476c,multifieldqa_en_e,4k-8k,21,26,5,0.34482759,0.36363636,0.01880878,0.63157895,0.56521739,0,0,0,0
4adca5ba1654b740d1e25c6e73d45aa2f3621537bed9086b,2wikimqa_e,4k-8k,11,11,0,0.00000000,0.00000000,0.00000000,1.00000000,1.00000000,0,0,0,0
4bc4e1176125b7f02876ca7fe1a08ec4d69b220e5a43f36f,2wikimqa_e,4k-8k,2048,2048,0,0.00000000,0.00000000,0.00000000,0.14917606,0.13805631,0,0,0,0
4bdc8db250f8bcaf78b1b321985e68a1b592243ea0543d28,triviaqa_e,8k+,3,3,0,1.00000000,1.00000000,0.00000000,1.00000000,1.00000000,0,0,0,0
4bed97d5daa9f4078353a6cd57e7427f4a854bffa5c09234,hotpotqa_e,4k-8k,15,16,1,0.00000000,0.00000000,0.00000000,0.50000000,0.80000000,0,0,0,0
4c4a226811e4bdb07227adb0ac3efc888a362f2b2de7695b,passage_retrieval_en_e,8k+,4,4,0,1.00000000,1.00000000,0.00000000,0.00000000,0.00000000,0,0,0,0
4c69531287b15a15a5cb187668647a24a11ca897bd7ba4e2,passage_count_e,8k+,3,3,0,0.00000000,0.00000000,0.00000000,0.00000000,0.00000000,0,0,0,0
4c7891d780eb3f45e8c4e5bf14fd9ed6c0bf898fb159b329,multifieldqa_en_e,8k+,2048,4,-2044,0.00290698,0.33333333,0.33042636,0.00000000,0.00000000,0,0,0,0
4cd9ee9d3b87f33bf529a4f4b072436dff87278548a9519c,samsum_e,8k+,19,36,17,0.20000000,0.45454545,0.25454545,0.80000000,0.75862069,0,0,0,0
4ce53ed05cf46a6f6fc1a4372f9e9ed80c3aa05f51ee185a,samsum_e,4k-8k,21,21,0,0.13793103,0.13793103,0.00000000,0.80000000,0.80000000,0,0,0,0
4ced3912f614aca56f95eb0431c22e53c24c05717bf75f62,2wikimqa_e,8k+,4,4,0,0.66666667,0.66666667,0.00000000,0.00000000,0.00000000,0,0,0,0
4d03cbc7314e3a389dca377ce87c9ec4258c7fe43aec20c9,trec_e,8k+,2,2,0,1.00000000,1.00000000,0.00000000,0.00000000,0.00000000,0,0,0,0
4d2e3653c3c14982a2a316fdec16de82af22d4e610f04842,multi_news_e,8k+,2048,2048,0,0.01759531,0.01668302,-0.00091229,0.00000000,0.00000000,0,0,0,0
4d68dcf2ddc22917a641aeea6d3d9edca79be7fbfde17210,samsum_e,8k+,11,11,0,0.00000000,0.00000000,0.00000000,0.42857143,0.42857143,0,0,0,0
4db36be19060fa5f208a897712f3a92ab72c0037eff11550,trec_e,0-4k,2,14,12,0.00000000,0.00000000,0.00000000,0.00000000,0.71428571,0,0,0,0
4dd6d387cd79be7f92c54f193f47ae6ab681a0ecc6ae3dba,lcc_e,0-4k,2048,18,-2030,0.00000000,0.00000000,0.00000000,0.00000000,0.00000000,0,0,0,0
4e1520d379bc44b174f44482a9f512db0a7f9db46b7b68b7,2wikimqa_e,8k+,6,7,1,0.00000000,0.00000000,0.00000000,1.00000000,1.00000000,0,0,0,0
4eea3cbcc28d2e2b3588987ce428800a798ba798e2eb6f5d,triviaqa_e,4k-8k,3,3,0,1.00000000,1.00000000,0.00000000,1.00000000,1.00000000,0,0,0,0
4eeccc001e35bae71774c67f0e0041ba5da92bfed98ae62f,2wikimqa_e,0-4k,6,6,0,1.00000000,1.00000000,0.00000000,1.00000000,1.00000000,0,0,0,0
4f09c0da692e5d61b538d79b7491b73f34b5b271ad7e5895,passage_retrieval_en_e,8k+,5,5,0,0.00000000,0.00000000,0.00000000,0.00000000,0.00000000,0,0,0,0
4f578bedb58906daa59e91baacc5d3c4b5d68d82e086891d,hotpotqa_e,4k-8k,26,28,2,0.00000000,0.07142857,0.07142857,0.00000000,0.00000000,0,0,0,0
4faf9576d851ff48686f0237c88900a6c127217633b765f3,triviaqa_e,8k+,7,4,-3,1.00000000,1.00000000,0.00000000,1.00000000,1.00000000,1,1,0,0
4fbaf72dc6fc9bceb3746826579bb421ec7c2e65d97a5ef5,hotpotqa_e,0-4k,11,11,0,0.57142857,0.57142857,0.00000000,0.25000000,0.25000000,0,0,0,0
4fd6921ffabefc741e72edae1e5cd966dbbec2af821bd750,passage_retrieval_en_e,8k+,5,5,0,0.00000000,0.00000000,0.00000000,0.00000000,0.00000000,0,0,0,0
5017fee61674b1742d97686ff880f1043b046928db193799,triviaqa_e,4k-8k,2048,2048,0,0.00259740,0.00292398,0.00032657,0.99869961,1.00000000,1,1,0,0
503394b89352f288b2d2b572aef9690fe2ab19aeae8434aa,lcc_e,8k+,600,591,-9,0.00000000,0.00000000,0.00000000,0.00000000,0.00000000,0,0,0,0
50817d909c975851a8000a825bd44a68a61aaa65f1864f3f,passage_retrieval_en_e,4k-8k,5,5,0,0.00000000,0.00000000,0.00000000,0.00000000,0.00000000,0,0,0,0
50c0c72ba2c72a40d02884b4df66eb2ec701a1f2d416f47c,repobench-p_e,8k+,12,12,0,0.00000000,0.00000000,0.00000000,0.00000000,0.00000000,0,0,0,0
511cc0ce50a9d666a125314767f8cc676db17946184647c6,hotpotqa_e,8k+,4,4,0,0.33333333,0.33333333,0.00000000,1.00000000,1.00000000,0,0,0,0
51c7ceec70dcbd7ebbae5f57e04cd2c99f252e450597c167,samsum_e,8k+,12,9,-3,0.12121212,0.12903226,0.00782014,0.75000000,0.83333333,0,0,0,0
52150ca076ef6a156239c8fd2cb45983ba9b8cd446312f22,2wikimqa_e,4k-8k,3,3,0,0.00000000,0.00000000,0.00000000,0.00000000,0.00000000,0,0,0,0
52159c74eaf34175bef4c0c07531f5908ba3eb1d390ca97d,hotpotqa_e,8k+,14,14,0,0.00000000,0.00000000,0.00000000,0.71428571,0.71428571,0,0,0,0
524d2df4e388792739e2486b131d791c9966e797f4dd9492,hotpotqa_e,8k+,5,5,0,0.00000000,0.00000000,0.00000000,0.00000000,0.00000000,0,0,0,0
5257604118431dffd9dc5d75a1aad6826af4ad76296020b8,hotpotqa_e,4k-8k,6,6,0,0.66666667,0.66666667,0.00000000,0.66666667,0.66666667,0,0,0,0
52b607e833dc69f47744b132fde49642fd4cde8b2d1742c7,passage_count_e,8k+,3,3,0,0.00000000,0.00000000,0.00000000,0.00000000,0.00000000,0,0,0,0
534084197c9adbfe83fb20a747e80de9064891e0f4c26003,trec_e,8k+,2,2,0,0.00000000,0.00000000,0.00000000,0.00000000,0.00000000,0,0,0,0
536ec3a69e822e4e5c7dedc777166cd4a90647bfb1523a51,triviaqa_e,0-4k,4,4,0,1.00000000,1.00000000,0.00000000,1.00000000,1.00000000,0,0,0,0
540e570d6c2fc76fbe07ffed28b8a4e856ede57ac633d5f7,repobench-p_e,4k-8k,19,19,0,1.00000000,1.00000000,0.00000000,0.33333333,0.33333333,0,0,0,0
54702bfd1ce876f425fed07d4ee651fb00e47630ee0f4d39,passage_count_e,8k+,3,3,0,0.00000000,0.00000000,0.00000000,0.00000000,0.00000000,0,0,0,0
54797939fdd2089aeb0c4242e660b2ff1914538839e9a21e,qasper_e,0-4k,37,37,0,0.87500000,0.87500000,0.00000000,0.11111111,0.11111111,1,1,0,0
54a23d6cb838dd2a56c1ef30e4b4ecf742735f659c470879,2wikimqa_e,4k-8k,6,4,-2,0.00000000,0.00000000,0.00000000,0.25000000,0.00000000,0,0,0,0
54da2503ef9cd61e98fc39ba742772c8a15311d72ab94a08,gov_report_e,4k-8k,471,471,0,0.36974790,0.36974790,0.00000000,0.00000000,0.00000000,0,0,0,0
552da5b67514d0111059f21d052434f2e10760afc1ef559c,samsum_e,8k+,20,17,-3,0.23809524,0.27272727,0.03463203,0.41666667,0.28571429,0,0,0,0
5534a08ffd96c9021306e916aa416881712bd59bc3ffdee1,samsum_e,8k+,29,40,11,0.23333333,0.17142857,-0.06190476,0.66666667,0.61290323,0,0,0,0
553c20ea76a0beb31750e0d3d3ca7fe8ede6cffd572446a0,repobench-p_e,8k+,2048,29,-2019,0.00000000,0.00000000,0.00000000,0.00146413,0.20000000,0,0,0,0
55a2550c5994d0dc89295210d4ecea34554c34e53b633977,samsum_e,4k-8k,8,8,0,0.50000000,0.50000000,0.00000000,0.80000000,0.80000000,0,0,0,0
55a2580a6718c35da3618fcd5429fb3d2ad1196cce039dd5,trec_e,8k+,21,2048,2027,0.00000000,0.00000000,0.00000000,0.73333333,0.33279089,1,1,0,0
5650ed820eb82845ddc5e1ed504aa97c22e61f4f2b4467c4,qasper_e,4k-8k,27,27,0,0.33333333,0.33333333,0.00000000,0.22727273,0.22727273,0,0,0,0
565b45f2de30ab72fc240bd91838596f44c01a33da9da499,hotpotqa_e,8k+,5,5,0,0.00000000,0.00000000,0.00000000,0.00000000,0.00000000,0,0,0,0
566cf1595f78c029378e6220cf960d0b791084225f60ccda,hotpotqa_e,8k+,22,22,0,0.00000000,0.00000000,0.00000000,0.94444444,0.94444444,0,0,0,0
5678977d0978197c0890878dbd17c42f33260ccfe723c128,repobench-p_e,8k+,10,10,0,0.00000000,0.00000000,0.00000000,0.33333333,0.33333333,0,0,0,0
56bd5af32afde842d0a310baf07def08b8b7d87096baefd0,samsum_e,8k+,52,50,-2,0.22641509,0.22641509,0.00000000,0.97500000,0.97500000,0,0,0,0
56c45bfed224c26bb617b8089df613586ae55fa518b1a991,repobench-p_e,4k-8k,12,12,0,0.00000000,0.00000000,0.00000000,0.66666667,0.66666667,0,0,0,0
56d2ecd968aaef6194dcf7de6e3844c9225d8e9ec1a0a3ce,hotpotqa_e,8k+,5,11,6,0.00000000,0.00000000,0.00000000,0.00000000,0.00000000,0,0,0,0
57663fa1a43ca8e9a70a74ac8092e58a16fabdf00b3e7985,triviaqa_e,0-4k,2048,2048,0,0.00237954,0.00237954,0.00000000,0.30447761,0.30447761,0,0,0,0
5767b2c7f945aa35b3b6949cf5fc2b54d36f4eecc88e6dc7,passage_retrieval_en_e,4k-8k,5,5,0,0.00000000,0.00000000,0.00000000,0.00000000,0.00000000,0,0,0,0
57d950b45a45d065fadfe4f352de3f11fcf3d7f57b89e322,2wikimqa_e,8k+,6,6,0,0.00000000,0.00000000,0.00000000,1.00000000,1.00000000,0,0,0,0
57e90555e82551bb8d4b0dfaaf6b559927d8af2a86ab1b79,qasper_e,4k-8k,3,3,0,1.00000000,1.00000000,0.00000000,0.00000000,0.00000000,0,0,0,0
584437196476ace5a3285e50caeae67804811fe5f5b3a2ae,gov_report_e,8k+,587,586,-1,0.16747809,0.16764133,0.00016323,0.00000000,0.00000000,0,0,0,0
58cff152249fc6c5b994bf016d4fe88a54d016459b46e86d,triviaqa_e,4k-8k,6,6,0,0.50000000,0.50000000,0.00000000,1.00000000,1.00000000,1,1,0,0
59054ee2c7da9a42a8f6b4009048079b71ed077a7b8a9cac,passage_retrieval_en_e,4k-8k,5,5,0,1.00000000,1.00000000,0.00000000,0.00000000,0.00000000,0,0,0,0
594c693ecfddc23819ec6a8d933d0930ccc6bb544441a19b,lcc_e,8k+,9,23,14,0.00000000,0.00000000,0.00000000,0.00000000,0.00000000,0,0,0,0
59a29a109088d9bd027b8fb77c20871684aa5069abec8e20,multifieldqa_en_e,8k+,7,7,0,0.46153846,0.46153846,0.00000000,0.00000000,0.00000000,0,0,0,0
5a18017502d827b72fc74d91f13f6f14193b4964c3420e47,multifieldqa_en_e,4k-8k,2048,10,-2038,0.00000000,0.62500000,0.62500000,0.00000000,0.75000000,0,0,0,0
5a1f14be3b3a06a0573d307579eda8216fb13f3e418abe97,gov_report_e,0-4k,389,389,0,0.18642117,0.18642117,0.00000000,0.00000000,0.00000000,1,1,0,0
5a2909819e072daa4a8675b39a5df24034e7c6a22709d035,qasper_e,4k-8k,15,6,-9,0.11764706,0.00000000,-0.11764706,0.25000000,0.00000000,0,0,0,0
5a4fef30bbae884f96744b9254ab736c6022d19e8e706d2c,samsum_e,8k+,13,13,0,0.17391304,0.17391304,0.00000000,0.22222222,0.22222222,0,0,0,0
5a66bf2184751add62aab933cf9076dc61faf39f716d2e72,qasper_e,0-4k,13,17,4,0.00000000,0.00000000,0.00000000,0.00000000,0.00000000,0,0,0,0
5ac2e654864815d1c06fa1e15434579db305a9e74ff70ffd,triviaqa_e,8k+,15,15,0,0.16666667,0.16666667,0.00000000,1.00000000,1.00000000,1,1,0,0
5acfa81613af9e8a5e838d265702dcf26ed6edc6d67cf1ee,hotpotqa_e,8k+,5,5,0,0.00000000,0.00000000,0.00000000,1.00000000,1.00000000,0,0,0,0
5b13aa35815812df257039222ea69b902de31f1e73911905,qasper_e,4k-8k,4,4,0,1.00000000,1.00000000,0.00000000,0.00000000,0.00000000,0,0,0,0
5b170c819d911108f2f99ffa084f6e92da8830b0d71f8790,gov_report_e,4k-8k,2048,2048,0,0.06947282,0.11659919,0.04712637,0.00000000,0.00000000,0,0,0,0
5b4d74d9c3484eadef42c44e46584db5a2ade72966863fb2,passage_retrieval_en_e,0-4k,4,4,0,1.00000000,1.00000000,0.00000000,0.00000000,0.00000000,0,0,0,0
5b89c59e612d5a2d2425c427a2e2d8e22c4145e38c3fb6c4,passage_count_e,8k+,2048,2048,0,0.00000000,0.00000000,0.00000000,0.00000000,0.00000000,0,0,0,0
5b978c8d5792b07ad99da0fc2639c6046051e9c29825ad25,multifieldqa_en_e,8k+,16,16,0,0.80000000,0.80000000,0.00000000,0.00000000,0.00000000,0,0,0,0
5bb5dc6d40c4c410c40d74f4f2db74d7d51abd67f2fba765,trec_e,8k+,2,6,4,1.00000000,0.00000000,-1.00000000,0.00000000,0.00000000,0,0,0,0
5bc390bfcafda3be4ae8e911eee81947e536a3d62ec07887,repobench-p_e,8k+,16,16,0,0.00000000,0.00000000,0.00000000,0.80000000,0.80000000,0,0,0,0
5c1b1f677c29055827b0ebb3927f776026b40d18c18d7fdf,trec_e,4k-8k,2048,54,-1994,0.00000000,0.00000000,0.00000000,1.00000000,1.00000000,0,0,0,0
5c5eaa11039b3bdb361961c2d4bb541e491a596c5c5d4465,hotpotqa_e,8k+,6,5,-1,0.00000000,0.00000000,0.00000000,0.00000000,0.00000000,0,0,0,0
5c940fc687fb4ea5e04bfeed128601b7794d62111dbb257c,trec_e,0-4k,4,4,0,0.00000000,0.00000000,0.00000000,0.00000000,0.00000000,0,0,0,0
5d40d1a2db550f9a3d7c047b911ae92b38fe7af8a69eda84,2wikimqa_e,8k+,6,5,-1,0.00000000,0.00000000,0.00000000,0.00000000,0.00000000,0,0,0,0
5d8a9782c9331bc3e4fa863e10a4733d79a24b4e0ee2a0ba,trec_e,0-4k,2048,2048,0,0.00000000,0.00000000,0.00000000,0.00000000,0.00000000,0,0,0,0
5f569d58abfd0b9fcae8290d1d91995966539c836ac3b6cd,samsum_e,8k+,7,10,3,0.52631579,0.38095238,-0.14536341,0.80000000,0.85714286,0,0,0,0
5fb15940295be04d377d24c988a6308c0f5c552a8354735f,triviaqa_e,4k-8k,12,2048,2036,0.36363636,0.00195122,-0.36168514,0.77777778,0.50000000,1,1,0,0
5fd0e225ba6f3bd4ac743d20bcdb62a170b22f908c827bce,passage_count_e,8k+,3,2048,2045,0.00000000,0.00000000,0.00000000,0.00000000,0.00000000,0,0,0,0
5fdd140211b5a3c1c879875b2c782e573cf4df4f68c8408e,hotpotqa_e,8k+,3,3,0,0.00000000,0.00000000,0.00000000,0.00000000,0.00000000,0,0,0,0
5fed2d5bd961c33a264b95103ae6f6b5aa67688f5123f3b8,samsum_e,0-4k,11,11,0,0.28571429,0.28571429,0.00000000,0.88888889,0.88888889,0,0,0,0
61d1532f1b1f27850e6b4a51d10754f0cd32ef74d49068e3,lcc_e,0-4k,6,6,0,0.00000000,0.00000000,0.00000000,0.00000000,0.00000000,0,0,0,0
61fa50e62866fbeeffc9822aa76f8f363578e72c1a7436af,2wikimqa_e,4k-8k,7,7,0,0.00000000,0.00000000,0.00000000,0.00000000,0.00000000,1,1,0,0
6208eb75045ec9575bcb39d4ab709fe963e6d4a99ca45181,triviaqa_e,0-4k,5,9,4,0.00000000,0.20000000,0.20000000,1.00000000,1.00000000,0,0,0,0
625febc7f6ca99af7674c71157c6c5a3441395427361c873,passage_retrieval_en_e,8k+,5,5,0,0.00000000,0.00000000,0.00000000,0.00000000,0.00000000,0,0,0,0
62acd5a0a4e284719eb3c9006639274f017753bf369635b8,multi_news_e,4k-8k,2048,2048,0,0.03669725,0.03298213,-0.00371511,0.00000000,0.00000000,0,0,0,0
62b502037550a59a24b8962b761645e0482a3b08ffbc7eb6,hotpotqa_e,8k+,22,22,0,0.00000000,0.00000000,0.00000000,1.00000000,1.00000000,0,0,0,0
62b8538f15d1af02f2e87a24e7ee549034906c5a870cac97,2wikimqa_e,4k-8k,11,11,0,0.22222222,0.22222222,0.00000000,0.62500000,0.62500000,1,1,0,0
62bec0ed21c9de3347a7c810b6c70fa58275a7cef20716f9,passage_count_e,8k+,4,4,0,0.00000000,0.00000000,0.00000000,0.00000000,0.00000000,0,0,0,0
62eb241385e1ed5e18c57856380c22ba7dc44881381cec86,triviaqa_e,8k+,2048,2048,0,0.00292398,0.00292398,0.00000000,1.00000000,1.00000000,1,1,0,0
634f159c9bdab6794b97c0d969edd3577a2cf97eb6c4babb,triviaqa_e,4k-8k,7,7,0,0.66666667,0.66666667,0.00000000,1.00000000,1.00000000,1,1,0,0
635ad5e3696e0d297f3ea8909d42975a5c1eb49a7f4a8466,multifieldqa_en_e,0-4k,16,16,0,0.72727273,0.72727273,0.00000000,0.00000000,0.00000000,0,0,0,0
636b437dc1dda53d82b5325c7b0b284e109d7d98577d4e1c,passage_count_e,4k-8k,2048,2048,0,0.00000000,0.00000000,0.00000000,0.00000000,0.00000000,0,0,0,0
63a9ac0273294a8066497413f2a767fefdd9aa39949c7537,hotpotqa_e,4k-8k,6,6,0,0.40000000,0.40000000,0.00000000,0.25000000,0.00000000,1,1,0,0
63b669f647fa37cce7ecb2748f3cf4bed91003927830b488,passage_count_e,8k+,3,4,1,1.00000000,0.00000000,-1.00000000,0.00000000,0.00000000,0,1,0,0
63d973d14e2cb59ec34670bb1ff04f733f3634cd4625ce3a,lcc_e,8k+,75,9,-66,0.00000000,0.00000000,0.00000000,0.00000000,0.00000000,0,0,0,0
641565317ef243377df5dfb1fe84d3a56e521f89de5ce5e7,hotpotqa_e,4k-8k,14,2048,2034,0.16666667,0.00195122,-0.16471545,0.90909091,0.00000000,1,1,0,0
645ab552d4c99e65670b1301bf0b423dc7ee6b9d178f1386,lcc_e,8k+,9,9,0,0.00000000,0.00000000,0.00000000,0.00000000,0.00000000,0,0,0,0
664be289b58916348701663f638c235e8ccaf434a0a6d438,repobench-p_e,8k+,2048,2048,0,0.00000000,0.00000000,0.00000000,0.00778210,0.00778210,0,0,0,0
66c0ee8e8ef0addcb8ebd18626026c48304750b9cd46d7ba,repobench-p_e,8k+,2048,2048,0,0.00000000,0.00000000,0.00000000,0.00000000,0.00000000,0,0,0,0
66fe3774d3686f64c487b2b42c83421d10367deeb6bfed00,samsum_e,0-4k,2048,17,-2031,0.00558659,0.16666667,0.16108007,1.00000000,0.78571429,0,0,0,0
671618f0994ac2ebb6200595a9c19f635f6e6f812629b34f,gov_report_e,8k+,2048,2048,0,0.12579686,0.12579686,0.00000000,0.00000000,0.00000000,0,0,0,0
6736067383c905ddb7655f4830a0675cb524527792b92e9e,passage_retrieval_en_e,0-4k,4,4,0,1.00000000,1.00000000,0.00000000,0.00000000,0.00000000,0,0,0,0
67e536503ee7729e0ccb6047e4cbafacb77f1aab21513af8,gov_report_e,8k+,181,2048,1867,0.16397849,0.07734807,-0.08663043,0.00000000,0.00000000,0,0,0,0
6801ef085bce7cbf2561b9019892784dde99bc33059de016,passage_retrieval_en_e,8k+,80,80,0,0.00000000,0.00000000,0.00000000,0.00000000,0.00000000,0,0,0,0
682752793b2c600521dae3843ce722f869f7d1bc98684944,multi_news_e,4k-8k,2048,2048,0,0.04911956,0.03549161,-0.01362795,0.00000000,0.00000000,0,0,0,0
68494dc8c7c64fbdf4abdba7d18e3caf02a4c30dc0d11c7f,trec_e,0-4k,4,4,0,1.00000000,1.00000000,0.00000000,0.00000000,0.00000000,0,0,0,0
68d6387b2173009b7b4587961cbc84bb41d92008ac414318,hotpotqa_e,8k+,3,3,0,0.00000000,0.00000000,0.00000000,0.00000000,0.00000000,0,0,0,0
692e9501102ef27c44a9accb212ec7031a41e5324cd843a2,lcc_e,8k+,8,8,0,0.00000000,0.00000000,0.00000000,0.00000000,0.00000000,0,0,0,0
695bd898b537097a64ffaf19050579a5fabc5bf2fd1539b8,multi_news_e,4k-8k,2048,57,-1991,0.03837369,0.13166144,0.09328776,0.00000000,0.00000000,0,0,0,0
6967a9e68d49dd2ad975640d7f7f3d658d75a1c46b68c602,2wikimqa_e,0-4k,6,6,0,0.00000000,0.00000000,0.00000000,1.00000000,1.00000000,0,0,0,0
69a47830fd68c93315c96624f51db535aa6ae5963a88252c,triviaqa_e,8k+,5,5,0,1.00000000,1.00000000,0.00000000,1.00000000,1.00000000,0,0,0,0
69a87bbff8b28f72b9fe9fc39b9c920466f6f939e8289675,2wikimqa_e,4k-8k,2,2,0,0.00000000,0.00000000,0.00000000,0.00000000,0.00000000,0,0,0,0
6a19ad6f564ebfc50447ee4315ab9a246aeb472906728777,hotpotqa_e,4k-8k,7,7,0,0.75000000,0.75000000,0.00000000,0.00000000,0.00000000,0,0,0,0
6ad3ed1320a952efd9df47137729d6f27f4fb720739dc5be,hotpotqa_e,4k-8k,6,4,-2,1.00000000,0.80000000,-0.20000000,0.66666667,0.50000000,0,0,0,0
6b056473c38137074b7af33c57f2101b4c8056453db8cfd9,triviaqa_e,8k+,6,6,0,1.00000000,1.00000000,0.00000000,1.00000000,1.00000000,1,1,0,0
6b201c0435cc4b092d4e902e776e9fa619d1881a903d2e72,2wikimqa_e,8k+,27,6,-21,0.13333333,0.00000000,-0.13333333,0.14285714,0.50000000,1,1,0,0
6b37bddf49f92ed989d2364d6e0e6eff0bca746f126e289d,triviaqa_e,8k+,2048,4,-2044,0.00000000,0.00000000,0.00000000,0.99878049,1.00000000,0,0,0,0
6b4f4a52ac5e336182dc4a4f91a06a0476144355eda7d4f7,repobench-p_e,8k+,29,29,0,1.00000000,1.00000000,0.00000000,0.66666667,0.66666667,0,0,0,0
6bc78370c92181718d2f91cc1cdb36a8937d8f1de01618ba,qasper_e,8k+,6,6,0,0.07692308,0.07692308,0.00000000,0.50000000,0.50000000,0,0,0,0
6c05b9f61aecccccaf021d2b9e93cb1e5e8e0d8806d1c599,qasper_e,8k+,7,6,-1,0.33333333,0.33333333,0.00000000,0.00000000,0.00000000,0,0,0,0
6c2f9f5ca19e79e79ab103ff8c7f0e8f317e2c0cb31adc7f,triviaqa_e,0-4k,2,2,0,1.00000000,1.00000000,0.00000000,1.00000000,1.00000000,0,0,0,0
6c3854fc6c64a01c1c738ed10b29b0065a39f1b4173eb3a0,triviaqa_e,8k+,25,25,0,0.14285714,0.14285714,0.00000000,1.00000000,1.00000000,1,1,0,0
6c67b45e947ec5561a6fb036f5567f88904853a172d8303e,passage_retrieval_en_e,4k-8k,5,5,0,1.00000000,1.00000000,0.00000000,0.00000000,0.00000000,0,0,0,0
6c6af9fdbd21aea264a79c89ccc9e00aadafbc249534cfdc,multi_news_e,8k+,2048,2048,0,0.04820462,0.04820462,0.00000000,0.00000000,0.00000000,0,0,0,0
6cc5b3611ecaff0d89ee96573450dab7b8e661fa94e7ea70,samsum_e,8k+,18,18,0,0.34285714,0.34285714,0.00000000,0.71428571,0.71428571,0,0,0,0
6d077016bcb31a0169e2c293fde4241710445909db33168f,repobench-p_e,8k+,18,12,-6,0.00000000,0.00000000,0.00000000,0.16666667,0.00000000,0,0,0,0
6d1f6f804985c159261a12d7d91b0bd67f8543ceb1ac2cf1,multi_news_e,0-4k,2048,83,-1965,0.02844828,0.11692308,0.08847480,0.00000000,0.00000000,0,0,0,0
6d4d182000c451bec72c390a9cc6240d1d6d787888507a3f,trec_e,0-4k,4,4,0,0.00000000,0.00000000,0.00000000,0.00000000,0.00000000,0,0,0,0
6db5d771ecd6ffbbc157fb27596a8e1ebda3cf41dde1173b,passage_retrieval_en_e,4k-8k,2048,5,-2043,0.00000000,0.00000000,0.00000000,0.00000000,0.00000000,0,0,0,0
6dfde0e263206eb1653c11474298bbc3a9c4d1d2baab95b8,gov_report_e,8k+,171,2048,1877,0.14702450,0.02435151,-0.12267300,0.00000000,0.00000000,1,0,0,0
6e70bede9da423c098179dd992a1c019ce1810d9a1a7767b,trec_e,4k-8k,2,2,0,0.00000000,0.00000000,0.00000000,0.00000000,0.00000000,0,0,0,0
6ea52774132b615d8515f9555aa2ce43bf26f6e415cc1be5,lcc_e,8k+,22,22,0,0.00000000,0.00000000,0.00000000,0.00000000,0.00000000,0,0,0,0
6f1878db4a5deb3dd168bf2275cd753e434311c0900ce549,hotpotqa_e,4k-8k,4,4,0,1.00000000,1.00000000,0.00000000,0.00000000,0.00000000,0,0,0,0
6f9b39ec94a4146a978018f7d86a47913119393854ef90d2,samsum_e,8k+,13,10,-3,0.07407407,0.07843137,0.00435730,0.50000000,0.42857143,0,0,0,0
706887714c35ef4282c80ff88cc55c27ec7e84c638a2a928,passage_retrieval_en_e,8k+,4,4,0,1.00000000,1.00000000,0.00000000,0.00000000,0.00000000,0,0,0,0
70712c8bb0c3ddf3201e65d53964b5a27f29995b063af04e,passage_retrieval_en_e,8k+,2048,2048,0,0.00000000,0.00000000,0.00000000,0.00000000,0.00000000,1,1,0,0
70ac7675b0747602cd69a04263e985c771529f7826c33c98,triviaqa_e,4k-8k,7,7,0,0.66666667,0.66666667,0.00000000,1.00000000,1.00000000,1,1,0,0
712f89dafdd3fcd0156ec5d0848be0b9ee37fece82f54774,gov_report_e,4k-8k,207,425,218,0.31644005,0.38515547,0.06871542,0.00000000,0.00000000,0,0,0,0
71756b5543af5fda3edd594b79e821057ed89842f05de232,hotpotqa_e,8k+,5,5,0,1.00000000,1.00000000,0.00000000,0.00000000,0.00000000,0,0,0,0
718f63a7f06993d0dc1632cb0114348dceb9897f821c2d55,2wikimqa_e,8k+,3,3,0,0.00000000,0.00000000,0.00000000,0.00000000,0.00000000,0,0,0,0
71fed9c2f4e5d394438d8913993dc240a3db80fe1b02b712,gov_report_e,0-4k,2048,2048,0,0.10204082,0.10204082,0.00000000,0.00000000,0.00000000,0,0,0,0
721b6ef6b4641a7517d4228be3a141ddb2e698348da36083,passage_retrieval_en_e,4k-8k,200,5,-195,0.00000000,0.00000000,0.00000000,0.00000000,0.00000000,1,1,0,0
72b0975d7878f72d5b0142cf8e1551a8b8f124eaaa99a715,2wikimqa_e,4k-8k,5,5,0,1.00000000,1.00000000,0.00000000,1.00000000,1.00000000,0,0,0,0
73a828cc285aef79e5b37a19eb5a92e63f0f68d2cf3675d2,repobench-p_e,8k+,22,23,1,0.00000000,0.00000000,0.00000000,0.77777778,0.80000000,0,0,0,0
73a910a9f551d4d274e6f329d3f8a5049561120fae602224,2wikimqa_e,4k-8k,20,20,0,0.00000000,0.00000000,0.00000000,0.57142857,0.57142857,0,0,0,0
74ff279e24bf3a6da0e4c2cfa171459c99b239b3fda296e9,hotpotqa_e,0-4k,12,12,0,0.40000000,0.40000000,0.00000000,0.87500000,0.87500000,1,1,0,0
752810f3c699f5d0c43979ff990a3efa5574fa10a2e4c194,lcc_e,8k+,21,21,0,0.00000000,0.00000000,0.00000000,0.00000000,0.00000000,0,0,0,0
7551e675231726fccf04a19b6f519dae8772bd95b98e6aca,passage_retrieval_en_e,8k+,5,2048,2043,0.00000000,0.00000000,0.00000000,0.00000000,0.00000000,0,0,0,0
759b79d19572ac61ca01fe026fb1da19559d6e9989a04329,samsum_e,8k+,7,10,3,0.14285714,0.58823529,0.44537815,0.25000000,0.71428571,0,0,0,0
75db08d25c4d9494ee20a89c17197bff11c2c82a305c8103,qasper_e,4k-8k,36,36,0,0.12765957,0.12765957,0.00000000,0.00000000,0.00000000,1,1,0,0
760463707ecc7878b6bce579b11979852925136277fecc79,passage_retrieval_en_e,4k-8k,2048,5,-2043,0.00000000,0.00000000,0.00000000,0.00000000,0.00000000,0,0,0,0
763f10fd22d7aa6a6b7f8342783ce138fcdd00fbbf05b91e,multi_news_e,8k+,337,339,2,0.11530815,0.11507937,-0.00022879,0.00000000,0.00000000,1,1,0,0
767e3cb26ec64fc48f521770469e909d47b6fdd515ad6a9a,passage_retrieval_en_e,4k-8k,5,5,0,1.00000000,1.00000000,0.00000000,0.00000000,0.00000000,0,0,0,0
7681a4ae6d92c179c938738ad170b6626534556d9ea993b6,hotpotqa_e,8k+,5,5,0,0.00000000,0.00000000,0.00000000,0.00000000,0.00000000,0,0,0,0
778aa903897024d2ad3ec44debf0c00f572f4bb446b13786,gov_report_e,8k+,86,2048,1962,0.09536785,0.12438001,0.02901216,0.00000000,0.00000000,0,0,0,0
77d830a673820558be81adf3a89d36f123aece8bdfe791e1,trec_e,8k+,2048,2,-2046,0.00000000,0.00000000,0.00000000,1.00000000,1.00000000,0,0,0,0
7806bed7a3daad1acda13018f5ad561d4186399290a48362,gov_report_e,4k-8k,177,214,37,0.12165450,0.13631022,0.01465572,0.00000000,0.00000000,1,1,0,0
780f15259479e8965d474efc011eb220ac4078da86e8dc19,hotpotqa_e,8k+,11,15,4,0.00000000,0.00000000,0.00000000,0.22222222,0.33333333,1,1,0,0
7826b625addca117e3ec116f641420ada08bee24a5069b84,samsum_e,8k+,19,19,0,0.22857143,0.22857143,0.00000000,0.60000000,0.53333333,0,0,0,0
78669e1670765effee7264f80f7ef2fbda4aaba17c18d1d7,passage_retrieval_en_e,8k+,2048,2048,0,0.00000000,0.00000000,0.00000000,0.00000000,0.00000000,1,1,0,0
795e52fdea85f2b7973085b0fdc6fa3fc7ead7962c473a83,triviaqa_e,4k-8k,4,4,0,1.00000000,1.00000000,0.00000000,1.00000000,1.00000000,0,0,0,0
7a35cea15d31d9e58aa0be79ce68499e365ba3a55c7456e5,2wikimqa_e,4k-8k,3,3,0,0.00000000,0.00000000,0.00000000,0.00000000,0.00000000,0,0,0,0
7a85937d2e1ac3215ab2518db4dc4d633fbb81f042776780,samsum_e,0-4k,15,2048,2033,0.26666667,0.00644815,-0.26021852,0.36363636,0.44408252,0,0,0,0
7a85ca09f913abf631ad11da35f0322fa04019e6413f0eaf,passage_retrieval_en_e,4k-8k,5,5,0,1.00000000,1.00000000,0.00000000,0.00000000,0.00000000,0,0,0,0
7a8d202c95e78b1936b66c827ff1392f461f7594b7f0f2cd,samsum_e,8k+,11,11,0,0.12903226,0.12903226,0.00000000,0.75000000,0.75000000,0,0,0,0
7b0ef84c18f5bdf432b1744ee0584d79314eb1c81100bd23,samsum_e,0-4k,29,2048,2019,0.16216216,0.00327154,-0.15889062,0.12500000,0.12520593,0,0,0,0
7bb19ba82bff13f027337b76e32661a2028a80f224f1d7b9,gov_report_e,8k+,136,136,0,0.15316315,0.15316315,0.00000000,0.00000000,0.00000000,0,0,0,0
7c4c9949f60f4f327a48f2671410466485a03f060befc851,lcc_e,8k+,26,210,184,0.00000000,0.00000000,0.00000000,0.00000000,0.00000000,0,0,0,0
7c6c68496e0a8cc6d1fef9b164d038bd4f19f26f0e75a43c,passage_count_e,4k-8k,2048,2048,0,0.00000000,0.00000000,0.00000000,0.00000000,0.00000000,0,0,0,0
7c9da72ba8e17e94224909bc17b169a385f58f72b6b239b5,passage_count_e,4k-8k,3,3,0,0.00000000,0.00000000,0.00000000,0.00000000,0.00000000,0,0,0,0
7cdceb45cfb9439bd41148788e5cf2f0e8a5cb99a0e09729,hotpotqa_e,8k+,2048,2048,0,0.00195122,0.00195122,0.00000000,0.00000000,0.00000000,1,1,0,0
7d4c7c904678cf8898716f328d52df3f9fc259f3583b3ad8,passage_retrieval_en_e,8k+,5,5,0,0.00000000,0.00000000,0.00000000,0.00000000,0.00000000,0,0,0,0
7d60cab38bf3dfe2d804fb4fb9b74d4b7303468a3b3de025,multi_news_e,0-4k,2048,92,-1956,0.06215921,0.13651877,0.07435956,0.00000000,0.00000000,0,0,0,0
7d70e52523b8024edbe02108598febd714806f6c91d5a7a2,hotpotqa_e,4k-8k,5,5,0,0.00000000,0.00000000,0.00000000,1.00000000,1.00000000,0,0,0,0
7dad5d21905bf9898b12b88c7537f77974361435b3213355,multi_news_e,8k+,2048,2048,0,0.03724207,0.03724207,0.00000000,0.00000000,0.00000000,0,0,0,0
7de339432271d1324e9ea25f6321364528c6fd2f8ea2e3d1,qasper_e,4k-8k,13,6,-7,0.38461538,0.20000000,-0.18461538,0.18181818,0.00000000,0,0,0,0
7de7d760b636aee90f01cbc0d33fcd4f3029bfbe12edf862,2wikimqa_e,8k+,5,5,0,0.00000000,0.00000000,0.00000000,1.00000000,1.00000000,0,0,0,0
7e3c1dc1e7c3c2d80065d7180b2ea0500ee25016a829609c,repobench-p_e,8k+,2048,2048,0,0.00000000,0.00000000,0.00000000,0.55144695,0.52941176,0,0,0,0
7e67283535da954db448324ee34bed1d96e5e3d3587f671e,multi_news_e,8k+,2048,2048,0,0.07847800,0.02485089,-0.05362711,0.00000000,0.00000000,0,0,0,0
7ee41d167b9013f2f2b803434f95932a5681b00d38e17be2,lcc_e,8k+,12,12,0,0.00000000,0.00000000,0.00000000,0.00000000,0.00000000,0,0,0,0
7ef8ae291a20f75f948322f978297ed50d37d60cfbd9aef4,multi_news_e,8k+,2048,2048,0,0.02755344,0.02489019,-0.00266325,0.00000000,0.00000000,1,1,0,0
7f14040216648f38daf6dad4ad6855c2d1668ed095c906d3,trec_e,8k+,3,3,0,0.00000000,0.00000000,0.00000000,1.00000000,1.00000000,0,0,0,0
7ffa85e003044e11090ad08d235338a567204a03491feb99,gov_report_e,4k-8k,2048,2048,0,0.15781487,0.09815498,-0.05965989,0.00000000,0.00000000,1,0,0,0
8041f459bf8570173d461b909735356d06ff64d510806517,passage_count_e,8k+,3,3,0,0.00000000,0.00000000,0.00000000,0.00000000,0.00000000,0,0,0,0
807321dfa9380577a0cbb72fb937ad0bd864971a2120df52,multi_news_e,0-4k,2048,2048,0,0.05768222,0.05768222,0.00000000,0.00000000,0.00000000,0,0,0,0
8086467ebb712146e7215eb1656245f9901dad34f6931fdf,2wikimqa_e,8k+,6,6,0,0.00000000,0.00000000,0.00000000,0.00000000,0.00000000,0,0,0,0
80e7aa59af9083431568031f1e8f1201062a14237d7ebfee,samsum_e,0-4k,20,16,-4,0.13793103,0.15384615,0.01591512,0.33333333,0.25000000,0,0,0,0
811329a16ff2d3a22ff0d09ca64e9653d8c42c93e0a05f02,lcc_e,8k+,12,9,-3,0.00000000,0.00000000,0.00000000,0.00000000,0.00000000,0,0,0,0
8149fb371e91a3c4e6776957a8591519d55910bb5029e267,hotpotqa_e,8k+,8,8,0,0.00000000,0.00000000,0.00000000,0.00000000,0.00000000,0,0,0,0
81dd6866be533dce07ebdd1efda9624c2e8e983681fdb3cb,triviaqa_e,8k+,11,11,0,1.00000000,1.00000000,0.00000000,1.00000000,1.00000000,1,1,0,0
81fafbdc90dfc4c0ea443de35ee84e7423d8971a66f27a09,qasper_e,4k-8k,3,3,0,1.00000000,1.00000000,0.00000000,0.00000000,0.00000000,0,0,0,0
821fe0fbbfa68c23b966fcab396ed0824ca081e744a53b6d,gov_report_e,0-4k,2048,2048,0,0.01197007,0.03267211,0.02070204,0.00000000,0.00000000,0,0,0,0
82cd344df0762192b60c923e26497916ffd90cc8a6f2c5c0,multi_news_e,4k-8k,97,2048,1951,0.10301954,0.06421631,-0.03880323,0.00000000,0.00000000,0,0,0,0
82d85120ef2ed109d3762ea0854d298edd9272ba92785b4e,triviaqa_e,0-4k,10,10,0,0.00000000,0.00000000,0.00000000,1.00000000,1.00000000,0,0,0,0
82e4116c4cb2527ebc12511ad6b3d5c309b77542a64f69ff,lcc_e,8k+,15,17,2,0.00000000,0.00000000,0.00000000,0.00000000,0.00000000,0,0,0,0
83064e2a0fb5187950fe03a49d84d1f936642098ec26050c,hotpotqa_e,8k+,6,6,0,1.00000000,1.00000000,0.00000000,0.00000000,0.00000000,0,0,0,0
8308db40d49c17134ee09bf6be699889b81b1b1b63c15199,gov_report_e,4k-8k,2048,2048,0,0.14791252,0.11644951,-0.03146301,0.00000000,0.00000000,0,0,0,0
8318ea1b9fd0443387e6bcd5382933a05614955578f7b95b,hotpotqa_e,8k+,9,9,0,0.00000000,0.00000000,0.00000000,0.20000000,0.20000000,0,0,0,0
83f6186ca8e6173b7466b5dd60738f6810d9b900642e6476,passage_retrieval_en_e,4k-8k,4,4,0,1.00000000,1.00000000,0.00000000,0.00000000,0.00000000,0,0,0,0
83f9ff1407a931e48501d64ea536af2ab3447af46371d3e3,gov_report_e,0-4k,2048,2048,0,0.01249349,0.01156069,-0.00093280,0.00000000,0.00000000,0,0,0,0
8470084fed939b4e4fcf2f79678790b3986d9ec82bc29985,lcc_e,0-4k,10,10,0,0.00000000,0.00000000,0.00000000,0.00000000,0.00000000,0,0,0,0
8472c0f50c9bd0807a8451d91c18bb7dde7634a8e3f7ecf7,samsum_e,4k-8k,20,22,2,0.15789474,0.20000000,0.04210526,1.00000000,1.00000000,0,0,0,0
84924f0b35dc0fd3cc41302edace24ddb864f9eee9c52557,gov_report_e,8k+,610,451,-159,0.19007569,0.19544592,0.00537023,0.00000000,0.00000000,1,1,0,0
850f393b81346a9cdb875d1b63b57d07427edda34c5e2165,passage_retrieval_en_e,8k+,5,5,0,0.00000000,0.00000000,0.00000000,0.00000000,0.00000000,0,0,0,0
853a76d5cce07034f8d10c1f94bd8beb70f4e34f4a5638ee,2wikimqa_e,4k-8k,5,5,0,0.00000000,0.00000000,0.00000000,0.00000000,0.00000000,0,0,0,0
85f3200158511b95a7eb4ed5bf9c4698247662ff8a40943c,2wikimqa_e,4k-8k,10,10,0,0.20000000,0.20000000,0.00000000,1.00000000,1.00000000,0,0,0,0
861cbf67995653276e955ddb68584eb35263f970a710c86c,qasper_e,4k-8k,5,5,0,0.28571429,0.28571429,0.00000000,0.66666667,0.66666667,0,0,0,0
8657a31325b202a10721b1134cdcd72f438eab0c65d980a5,repobench-p_e,8k+,7,7,0,0.00000000,0.00000000,0.00000000,0.50000000,0.50000000,0,0,0,0
8659604bd54ba8899bbc8e9f91cd76b9e5f591bf1558addd,trec_e,8k+,2,2,0,1.00000000,1.00000000,0.00000000,0.00000000,0.00000000,0,0,0,0
866ef2395db510677aaf95209d2798262b2f5f6057fa4995,lcc_e,8k+,31,2048,2017,0.00000000,0.00000000,0.00000000,0.00000000,0.00000000,0,0,0,0
870783cfa1307020d6951ef34d3cd57906580ff04ae57302,samsum_e,8k+,31,23,-8,0.22222222,0.21276596,-0.00945626,0.46153846,0.63157895,0,0,0,0
889a1f36f923d982676936ef5e04a451058981bc3ebdb614,2wikimqa_e,8k+,3,3,0,0.00000000,0.00000000,0.00000000,0.00000000,0.00000000,0,0,0,0
889aa95bee30658d255d24483adc4d76a24f1aecce806a61,gov_report_e,0-4k,2048,2048,0,0.16231884,0.05546218,-0.10685666,0.00000000,0.00000000,0,0,0,0
889d404515b7875dfb894f1f3bd59406374a3a275ea9b584,triviaqa_e,4k-8k,7,7,0,0.85714286,0.85714286,0.00000000,1.00000000,1.00000000,1,1,0,0
88a86128267b1d8a14f97c64a5b03ad6c0aa0cb6d02c4336,hotpotqa_e,4k-8k,6,6,0,0.00000000,0.00000000,0.00000000,1.00000000,1.00000000,0,0,0,0
88debd0831e598a71dfbe6f77e851301be10b574b88d9a73,passage_count_e,4k-8k,2048,2048,0,0.00000000,0.00000000,0.00000000,0.00000000,0.00000000,0,0,0,0
88ecef6a544abe95c7d7b3130586c02359d2a3efa43fd1f5,hotpotqa_e,4k-8k,9,16,7,0.00000000,0.00000000,0.00000000,0.83333333,0.91666667,0,0,0,0
895501bb4736e0444f51d79ad89dbf1ba864fbe5746bf60d,2wikimqa_e,8k+,9,10,1,0.66666667,0.66666667,0.00000000,0.00000000,0.00000000,1,1,0,0
896abad7f02cb16de432968554810e1e69546a23458b984b,passage_retrieval_en_e,4k-8k,85,80,-5,0.00000000,0.00000000,0.00000000,0.00000000,0.00000000,0,0,0,0
89c41e6f996726b65faf0a95464cb93699a397eaff092614,passage_retrieval_en_e,4k-8k,4,5,1,0.00000000,0.00000000,0.00000000,0.00000000,0.00000000,0,0,0,0
89d39f31cc4adedb47a9e9308e30a02cb7fb96d0ce18e69e,passage_count_e,0-4k,2048,2048,0,0.00000000,0.00000000,0.00000000,0.00000000,0.00000000,0,0,0,0
8a977a28e317f94495fdd2011be61b432a3ebb96157f6fe6,samsum_e,4k-8k,16,14,-2,0.19354839,0.27586207,0.08231368,0.90000000,0.87500000,0,0,0,0
8aaf0d6fd5b8bc24e21328d23bf3b47114761a1e00b5cf2b,trec_e,0-4k,2048,4,-2044,0.00000000,0.00000000,0.00000000,0.66720911,1.00000000,0,0,0,0
8afb945b03f9cfe83f2fb7e4a40c5b3ba24ca0049b544a2f,hotpotqa_e,8k+,2048,2048,0,0.00000000,0.00000000,0.00000000,0.53645833,0.75176395,0,0,0,0
8afbe6ee70d65b0d06f18bf058397cc00553bd48d1fd179d,lcc_e,8k+,199,18,-181,0.00000000,0.00000000,0.00000000,0.00000000,0.00000000,0,0,0,0
8b6ab91458d220f124734203b1a88fb8239a4d312d91b364,passage_count_e,8k+,4,3,-1,0.00000000,0.00000000,0.00000000,0.00000000,0.00000000,0,0,0,0
8c0ab9a9c836614a52b35d606b176043723bffe63f3890d8,triviaqa_e,8k+,2,2,0,1.00000000,1.00000000,0.00000000,1.00000000,1.00000000,0,0,0,0
8c2e68d24afdb2a83a0299059a0ca6b5df4e4490e262bbe6,2wikimqa_e,4k-8k,2048,2048,0,0.00000000,0.00000000,0.00000000,0.00000000,0.00000000,0,0,0,0
8c4266ab879869dde3f2ae3d1b4dafe762adfc6eb0594589,multi_news_e,4k-8k,347,2048,1701,0.11376147,0.03400916,-0.07975231,0.00000000,0.00000000,0,0,0,0
8cca1e7fcd97cbf55aa9d5da29435c093ae859298aa93532,hotpotqa_e,8k+,96,96,0,0.00000000,0.00000000,0.00000000,0.25675676,0.25675676,0,0,0,0
8d077d16f8ed3248b4a4325e635d6a0e6dd4d071d641e60b,repobench-p_e,8k+,8,8,0,0.00000000,0.00000000,0.00000000,0.00000000,0.00000000,0,0,0,0
8d6ecf9924a0b0008bc5112687f3a6c790598bc8961f0df3,repobench-p_e,8k+,19,19,0,0.00000000,0.00000000,0.00000000,0.33333333,0.33333333,0,0,0,0
8d72c6709ee1da38a65cdfb4f9d90e7348fd8e356c0a8165,multifieldqa_en_e,8k+,5,6,1,0.10526316,0.10526316,0.00000000,1.00000000,1.00000000,0,0,0,0
8dd616390124afd4e969f4764bf8fe02b8f4a60a3443c061,2wikimqa_e,8k+,7,17,10,0.00000000,0.00000000,0.00000000,0.00000000,0.00000000,0,0,0,0
8e635ccf7e4d00e3456db6f6a6773360ed6dce093f54207a,repobench-p_e,8k+,181,172,-9,0.00000000,0.00000000,0.00000000,1.00000000,1.00000000,0,0,0,0
8e74e61b04f497cda285fdb613c9297b39c2f35c78a46bb4,2wikimqa_e,4k-8k,15,15,0,0.20000000,0.20000000,0.00000000,0.57142857,0.57142857,0,0,0,0
8e78d005bfbfaca303c6029b27bde6175687866f9dbb4657,gov_report_e,4k-8k,2048,2048,0,0.12287793,0.12287793,0.00000000,0.00000000,0.00000000,0,0,0,0
8e8f49c9467266bcd89798452bfbc83e03e294269c3dd311,samsum_e,0-4k,19,14,-5,0.57142857,0.08333333,-0.48809524,0.68750000,0.16666667,0,0,0,0
8e99db0c68c29c8ff686632b85456132846e83fa5f1e05ce,triviaqa_e,8k+,8,8,0,1.00000000,1.00000000,0.00000000,1.00000000,1.00000000,1,1,0,0
8f32f2a573c4e53f83de2117ee90645c553abc0027202b5e,multi_news_e,0-4k,2048,221,-1827,0.04014411,0.20105820,0.16091409,0.00000000,0.00000000,0,0,0,0
8fe9a6e7bbe15b1499c3e2d3136b10141ef6bcda47070ace,lcc_e,0-4k,21,29,8,0.00000000,0.00000000,0.00000000,0.00000000,0.00000000,0,0,0,0
9005598c4642fdbc4cc9a30fd556b50c6c14df00d64051f2,multi_news_e,8k+,2048,2048,0,0.04533745,0.06759657,0.02225911,0.00000000,0.00000000,1,1,0,0
902f0954213482512f8d7737a2cd7b97528284ce3a7528cb,multi_news_e,8k+,2048,2048,0,0.07810894,0.07810894,0.00000000,0.00000000,0.00000000,0,0,0,0
90a34e79c780c2df4d2dad95609a596c6098240e94842bf6,passage_count_e,8k+,2048,3,-2045,0.00000000,0.00000000,0.00000000,0.00000000,0.00000000,0,0,0,0
910c9a02ee857c1019702818b6fa2d5c25ed432d08385ba8,multifieldqa_en_e,4k-8k,4,4,0,0.00000000,0.00000000,0.00000000,0.00000000,0.00000000,0,0,0,0
915b569209150a57c61ece9b15675656fb7cfa15917d4ec6,repobench-p_e,8k+,2048,2048,0,0.00000000,0.00000000,0.00000000,0.99756098,0.99804688,0,0,0,0
92155eb7e703c3f8ca35566d0181fa2c884015d27852b563,gov_report_e,8k+,553,572,19,0.18421053,0.19575254,0.01154201,0.00000000,0.00000000,1,1,0,0
9257294f738fd5ccbed674b18aa2f4ab0301d77e4e3d8290,passage_count_e,8k+,4,4,0,0.00000000,0.00000000,0.00000000,0.00000000,0.00000000,0,0,0,0
925eae6bd0f5e4849645069156cf5282396b7824dfb7d2b6,multi_news_e,8k+,2048,2048,0,0.04634398,0.10038610,0.05404213,0.00000000,0.00000000,0,0,0,0
92f03bf75ff8d696eb70222162e04041752b1248ef677dfe,multi_news_e,8k+,2048,2048,0,0.06880734,0.08275221,0.01394487,0.00000000,0.00000000,1,1,0,0
933a81430106f5e4e53aef7d76f8ede54492413f6722c87e,lcc_e,8k+,10,191,181,0.00000000,0.00000000,0.00000000,0.00000000,0.00000000,0,0,0,0
934162f30867844eb8d74c9d62c1e2aba3fca790b5b1d53e,multifieldqa_en_e,0-4k,9,9,0,0.40000000,0.40000000,0.00000000,0.00000000,0.00000000,0,0,0,0
93eaa7953207a8d9c7217d8e6632eabf31556df385f7dd45,trec_e,8k+,8,8,0,0.00000000,0.00000000,0.00000000,1.00000000,1.00000000,0,0,0,0
93f6174b3813a43229cb32258038d980e42a151b11a8e2fb,lcc_e,8k+,27,27,0,0.00000000,0.00000000,0.00000000,0.00000000,0.00000000,0,0,0,0
9411dd1584cf45d833630af2c02fb099988b5a76d658c7a0,gov_report_e,8k+,2048,2048,0,0.11170471,0.11247357,0.00076886,0.00000000,0.00000000,1,1,0,0
946f55e2ae8f0554988eafb8742ad72df47697cc67d5a1da,2wikimqa_e,8k+,8,6,-2,0.00000000,0.00000000,0.00000000,0.00000000,0.00000000,0,0,0,0
94bb9fcc9960c219f0729ff1ef8ec12d68b4b09712b835f4,lcc_e,8k+,5,5,0,0.00000000,0.00000000,0.00000000,0.00000000,0.00000000,0,0,0,0
94d09a2a180177bfebf3b9f9834e8b04043c5944353114b9,samsum_e,8k+,12,12,0,0.42424242,0.42424242,0.00000000,0.77777778,0.77777778,0,0,0,0
94ee6cf6875b4bdf4e8126bdd5d7f8fc6ecd9f72858ad383,passage_retrieval_en_e,8k+,5,5,0,0.00000000,0.00000000,0.00000000,0.00000000,0.00000000,0,0,0,0
94f103d8d6177a4ab0d0ed90f9dbd86d375978f8e3f81181,lcc_e,0-4k,13,25,12,0.00000000,0.00000000,0.00000000,0.00000000,0.00000000,0,0,0,0
953522f0b63ada6e270130bbdab5621a8c8ea6297a5a80f8,lcc_e,8k+,11,9,-2,0.00000000,1.00000000,1.00000000,0.00000000,0.00000000,1,0,0,0
9558cdc42e5d0eef948ebbb81976c85e2bc3456ae434f570,gov_report_e,8k+,2048,2048,0,0.12500000,0.12500000,0.00000000,0.00000000,0.00000000,1,1,0,0
95c93d8bf0d22407d9091273d27b2775d33301978125f6a1,repobench-p_e,8k+,2048,2048,0,0.00000000,0.00000000,0.00000000,0.50170648,0.50170648,1,1,0,0
963b47db5071800d5cd3f7e416784db1ab922e319ead2dbd,gov_report_e,0-4k,2048,109,-1939,0.04954128,0.18897638,0.13943509,0.00000000,0.00000000,0,0,0,0
96a4cbe073bb3ae562b57e7b52a8eb7986a556b79fe49cdc,multi_news_e,8k+,80,2048,1968,0.12607450,0.08012994,-0.04594456,0.00000000,0.00000000,0,0,0,0
971a21dceec4d97e08b3c19d1d200ebe3c2abb45c474eb66,passage_retrieval_en_e,8k+,4,4,0,1.00000000,1.00000000,0.00000000,0.00000000,0.00000000,0,0,0,0
974b68875af8d477173b49c00c716b7003a35b345f7d5a62,passage_count_e,4k-8k,492,1666,1174,0.00000000,0.00000000,0.00000000,0.00000000,0.00000000,0,0,0,0
98d5d1852f3a11a8edd234719b36892b493ec4f61af06869,samsum_e,8k+,13,13,0,0.18181818,0.18181818,0.00000000,0.30000000,0.30000000,0,0,0,0
98f5057b32fc0207ebe06ddf1bf9c58a7d2fe82874d43aa5,passage_count_e,4k-8k,2048,2048,0,0.00000000,0.00000000,0.00000000,0.00000000,0.00000000,0,0,0,0
991a53e6106c32cd609f2df254db230c6c15625deb0f59fd,lcc_e,8k+,15,2048,2033,0.00000000,0.00000000,0.00000000,0.00000000,0.00000000,0,0,0,0
998de60d22e3ab433c0b86dfc567d6fdebee06f169400499,passage_retrieval_en_e,8k+,5,5,0,1.00000000,1.00000000,0.00000000,0.00000000,0.00000000,0,0,0,0
999a929550bbb919ffde7b96ba635730393fd4f66ba83134,multi_news_e,0-4k,580,408,-172,0.22284908,0.19580420,-0.02704489,0.00000000,0.00000000,0,0,0,0
9a1ec3f581a0267d71a30d7661ceb6e277b0be8a58c12e6e,2wikimqa_e,8k+,11,11,0,0.00000000,0.00000000,0.00000000,0.25000000,0.25000000,0,0,0,0
9a2a043d899e78803d16a155bd1ff92406a3e025df82c9ae,samsum_e,4k-8k,23,23,0,0.42857143,0.42857143,0.00000000,0.81250000,0.81250000,0,0,0,0
9a726cf649dec1e2457dc41269e05e1fdbcbb36f21a9999d,triviaqa_e,4k-8k,6,6,0,1.00000000,1.00000000,0.00000000,1.00000000,1.00000000,1,1,0,0
9acac9b3419885af73a008db96789ae6cb9eba4376c038ce,triviaqa_e,4k-8k,2048,2048,0,0.00389864,0.00389864,0.00000000,1.00000000,1.00000000,1,1,0,0
9b05a23597d81978bb62a7d42cf8a829ab8c00dbd9936af1,multi_news_e,0-4k,151,2048,1897,0.14525140,0.06314511,-0.08210628,0.00000000,0.00000000,0,0,0,0
9b62a0422f784adaa2234811ed5515339a3798bfeeb5e44b,lcc_e,0-4k,8,8,0,0.00000000,0.00000000,0.00000000,0.00000000,0.00000000,0,0,0,0
9b87bbfa9757b3bd7f408045015700759c7139394c1b2efa,gov_report_e,4k-8k,2048,2048,0,0.13706453,0.06676783,-0.07029670,0.00000000,0.00000000,1,0,0,0
9bc86f68e09ca098de1e1d2d7675bcc53668be74a87866a4,lcc_e,8k+,8,8,0,1.00000000,1.00000000,0.00000000,0.00000000,0.00000000,0,0,0,0
9bd7cc6188a48bb4e6b2354d1f71dcfa69a14f5c246163ef,passage_count_e,8k+,3,3,0,0.00000000,0.00000000,0.00000000,0.00000000,0.00000000,0,0,0,0
9bf5ec25c9083445fde0d0fefe625a718dd06703c633df5e,samsum_e,8k+,2048,2048,0,0.00214133,0.00224845,0.00010713,0.88937093,0.66780627,0,0,0,0
9c0f9782d1b8ab3a3b6151ee92ab597809a63b7855b53fde,hotpotqa_e,8k+,3,3,0,1.00000000,1.00000000,0.00000000,0.00000000,0.00000000,0,0,0,0
9c103cfd0c600a5a53e7f2218e99b9bfe2c212b1396d1b8b,samsum_e,0-4k,10,10,0,0.45454545,0.45454545,0.00000000,0.75000000,0.75000000,0,0,0,0
9c495d9b81c7973294d8a767c44bc337c1f6a0e716313d1a,repobench-p_e,8k+,10,10,0,0.00000000,0.00000000,0.00000000,1.00000000,1.00000000,0,0,0,0
9cff1c20d932d81148ef94c9e4e9575dcab5ca0ac46930ce,repobench-p_e,8k+,13,9,-4,0.00000000,0.00000000,0.00000000,0.00000000,1.00000000,0,0,0,0
9d8bc9d2914e20e6f88e90c25c44e13e23263a2cd4793ab6,repobench-p_e,8k+,7,7,0,0.00000000,0.00000000,0.00000000,0.00000000,0.00000000,0,0,0,0
9d912c9ff24198c839f9847ca95470d7b95e994ccf65622f,repobench-p_e,0-4k,9,9,0,0.00000000,0.00000000,0.00000000,1.00000000,1.00000000,0,0,0,0
9dd6dce168fd5151a9c1f8a776fbce5e92b85611edbdfb5f,passage_count_e,4k-8k,4,4,0,0.00000000,0.00000000,0.00000000,0.00000000,0.00000000,0,0,0,0
9e125ceebc835431bd6a537a6fcd9a4b37fa6f1ceb11555e,gov_report_e,4k-8k,2048,2048,0,0.14054514,0.13630627,-0.00423888,0.00000000,0.00000000,1,1,0,0
9f23c657fed0a96028cdb7c81cdfa829991368b74657313f,samsum_e,8k+,19,11,-8,0.25000000,0.23529412,-0.01470588,0.60000000,0.62500000,0,0,0,0
9fbd7ac098ed29cb3e1c81084c512f52b33c963dc1d75265,trec_e,0-4k,4,2048,2044,1.00000000,0.00000000,-1.00000000,0.00000000,0.00000000,0,1,0,0
a0eda52afcd3721a2791dacaee59ff9d0b57b2f89744e190,multi_news_e,4k-8k,2048,2048,0,0.03939745,0.03227602,-0.00712144,0.00000000,0.00000000,0,0,0,0
a1426d2fa0f78082a4add09db890181e4f32725cb8c0730a,passage_count_e,8k+,3,4,1,0.00000000,0.00000000,0.00000000,0.00000000,0.00000000,0,0,0,0
a14acc130b6f9fafa9fad828a40751edad4d1a283ffcac30,triviaqa_e,8k+,5,5,0,1.00000000,1.00000000,0.00000000,1.00000000,1.00000000,0,0,0,0
a1518985bae2f9526d5abfdfce426e102cec7bb94bf8210b,samsum_e,8k+,11,11,0,0.37500000,0.37500000,0.00000000,0.87500000,0.87500000,0,0,0,0
a19b5039e3aa94a03697678cc751b306232b2a7aa4c2b3c0,2wikimqa_e,8k+,11,12,1,0.00000000,0.00000000,0.00000000,0.00000000,0.00000000,0,0,0,0
a1ad85740f9f027ce82ce54726c3db3c8fd251b83bec2a98,hotpotqa_e,4k-8k,4,6,2,0.00000000,0.00000000,0.00000000,0.00000000,1.00000000,0,0,0,0
a2260ca83726418391f3c1f7610c57e415fec5a002b8900e,triviaqa_e,8k+,2048,2048,0,0.00486618,0.00487211,0.00000593,0.99878049,1.00000000,1,1,0,0
a236838dfe66d927229ed6bf16cacdca43cf1adcd2053b02,lcc_e,0-4k,2048,2048,0,0.00000000,0.00000000,0.00000000,0.00000000,0.00000000,1,1,0,0
a2e7da4aad2326c788ea9f40701a870155e5358ac4426924,multi_news_e,8k+,2048,2048,0,0.05449591,0.04298125,-0.01151466,0.00000000,0.00000000,0,0,0,0
a337c9455e708c9d42d7a281c9696a63275e4e44fcd46f76,gov_report_e,8k+,2048,2048,0,0.10737582,0.05758907,-0.04978675,0.00000000,0.00000000,1,0,0,0
a375f8b0473dca4fc0398789869b3a93d9705a98d5d09852,hotpotqa_e,4k-8k,5,5,0,1.00000000,1.00000000,0.00000000,0.00000000,0.00000000,0,0,0,0
a3903fe7b43c056c702d3131e738e5db68ddd1e1aab3f287,triviaqa_e,8k+,2048,2048,0,0.00583090,0.00583090,0.00000000,0.99853801,0.99853801,1,1,0,0
a3a74b9eba905def46e1b99988f18ad74a451de8a53b1b15,qasper_e,4k-8k,17,17,0,0.57142857,0.57142857,0.00000000,0.14285714,0.14285714,0,0,0,0
a3b55d2048d35befeb8ebb08930c372546d87f69a6bef08c,samsum_e,8k+,28,2048,2020,0.31578947,0.00696460,-0.30882488,1.00000000,1.00000000,0,0,0,0
a46222a353586063b55253f67f37183ce1ee0e0b76ed0a73,passage_count_e,0-4k,2048,2048,0,0.00000000,0.00000000,0.00000000,0.00000000,0.00000000,1,1,0,0
a4bf3f805b8466b1223216081b5cf014eeddec9df3c3867e,lcc_e,8k+,9,9,0,0.00000000,0.00000000,0.00000000,0.00000000,0.00000000,0,0,0,0
a4fb3e0fa052620263db39d9a236e26a4d7217452498793c,qasper_e,4k-8k,7,9,2,0.00000000,0.00000000,0.00000000,0.00000000,0.50000000,0,0,0,0
a501f8735e8dbf40347a3f2674cb5de0b7ffb2e807397966,samsum_e,8k+,28,2048,2020,0.28571429,0.00897868,-0.27673561,0.73913043,0.75056948,0,0,0,0
a52b972a6051b61f61eefad3a6358e3f4f89c1a6872dd5a9,gov_report_e,0-4k,2048,2048,0,0.11290323,0.11290323,0.00000000,0.00000000,0.00000000,1,1,0,0
a5719ddf7c824e782242b1b5e36d837ec83d36095f4d54b8,triviaqa_e,4k-8k,2048,2048,0,0.00195122,0.00195122,0.00000000,1.00000000,1.00000000,1,1,0,0
a57934ad2c268320ec163b14aaafce3cb5a5e85a19ba98ca,hotpotqa_e,8k+,5,5,0,0.00000000,0.00000000,0.00000000,0.00000000,0.00000000,0,0,0,0
a5b6031f24f2af89a8ea917c39ba1652e5608649660bb138,hotpotqa_e,0-4k,19,19,0,0.37500000,0.37500000,0.00000000,0.84615385,0.84615385,1,1,0,0
a5b64f47f950684224b3208f99b96a3f31d2e629e686edaf,trec_e,8k+,2048,2048,0,0.00000000,0.00000000,0.00000000,0.00000000,0.00000000,1,1,0,0
a5d862e0d00cfebf00ff255752d9183d577f897cbd6075bb,repobench-p_e,8k+,7,7,0,0.00000000,0.00000000,0.00000000,0.50000000,0.50000000,0,0,0,0
a62a087ff34f25cc4f76205a1431eb4c2254d4ad01c630d4,qasper_e,4k-8k,31,30,-1,0.60869565,0.60869565,0.00000000,0.08333333,0.08333333,0,0,0,0
a6480d55c324790d692cf500a9edd062f7852bbbddca2e1f,trec_e,4k-8k,2048,2048,0,0.00000000,0.00000000,0.00000000,0.00000000,0.00000000,0,0,0,0
a66cf5253f8cd1588ee6d306cff3268245d8ed1630cd1a01,repobench-p_e,8k+,9,11,2,0.00000000,0.00000000,0.00000000,1.00000000,0.33333333,0,0,0,0
a6cda30d0950f2d8b0e5c1ee89466cbc43b37be7daedcb8b,hotpotqa_e,8k+,3,3,0,0.00000000,0.00000000,0.00000000,0.00000000,0.00000000,0,0,0,0
a7198035b53cd6ec54546bea8760f09b5908276fa4f8df1d,triviaqa_e,4k-8k,2048,2048,0,0.00584226,0.00584226,0.00000000,1.00000000,1.00000000,1,1,0,0
a73fb21e88b89752cf78e2ff4f158b13c6d0deca71b088fc,triviaqa_e,0-4k,3,3,0,1.00000000,1.00000000,0.00000000,1.00000000,1.00000000,0,0,0,0
a765c82c290e80d5315ce09e6f73ccec1977db872d22229f,passage_count_e,4k-8k,3,4,1,0.00000000,0.00000000,0.00000000,0.00000000,0.00000000,0,0,0,0
a7679b6195dde9c6472dfcb5a9b0f7301010ad575d82f481,multi_news_e,4k-8k,513,834,321,0.12199037,0.11221122,-0.00977915,0.00000000,0.00000000,0,0,0,0
a8071814ddd92750ca2585edb0bded153054a6dc2ab57444,hotpotqa_e,8k+,5,5,0,0.00000000,0.00000000,0.00000000,0.00000000,0.00000000,0,0,0,0
a82fc190d53deee032a07443b05f0df6d0818cf9fb8cb3ac,gov_report_e,0-4k,2048,2048,0,0.09549550,0.04815993,-0.04733557,0.00000000,0.00000000,0,0,0,0
a83340ad80a9e187029262c34b831c17116cf743c30a2d26,passage_retrieval_en_e,4k-8k,5,5,0,0.00000000,0.00000000,0.00000000,0.00000000,0.00000000,0,0,0,0
a88195c3c1e4547b09f774c381e0609be75acc9547168d0e,trec_e,8k+,13,13,0,0.00000000,0.00000000,0.00000000,0.71428571,0.71428571,0,0,0,0
a8e6903495a2ac129d6aef61dccf71daa9ff7bc5baf44575,gov_report_e,8k+,2048,2048,0,0.08766859,0.09013605,0.00246746,0.00000000,0.00000000,1,1,0,0
a90876cb94542570afab3b1ecc9632b46ed73f0c703edb79,2wikimqa_e,8k+,5,6,1,0.66666667,0.00000000,-0.66666667,0.00000000,0.00000000,1,0,0,0
a98bc410d113f968de393f3da14435b31b34a8ce2ccec169,qasper_e,4k-8k,3,3,0,0.00000000,0.00000000,0.00000000,0.00000000,0.00000000,0,0,0,0
a9b4285cd9b366f640dd9663e9dd44dfdc153065ee32a6d8,lcc_e,0-4k,2048,61,-1987,0.00000000,0.00000000,0.00000000,0.00000000,0.00000000,0,0,0,0
aaf4938b43d60e19478a27285d60fe7b794b232d4076e117,samsum_e,8k+,2048,2048,0,0.01173021,0.00838826,-0.00334195,0.88829152,0.87423687,0,0,0,0
ab8e72ef92c2b085ced6106c2d13616a8399d5c5bde7dd72,gov_report_e,8k+,2048,2048,0,0.20516129,0.16475973,-0.04040156,0.00000000,0.00000000,0,0,0,0
abb3079c764e90fd2df95c2ce1f19c1ff1265823cd2d6d55,multi_news_e,0-4k,2048,2048,0,0.02889447,0.02936709,0.00047262,0.00000000,0.00000000,0,0,0,0
abe6327f1b96aa87890c3f23ae2219f3b33ce8ca0e324334,hotpotqa_e,8k+,6,4,-2,0.00000000,0.00000000,0.00000000,0.00000000,0.00000000,0,0,0,0
ac021596bfb8c87447cbf799822f6c321dd710b9a7475437,passage_retrieval_en_e,4k-8k,4,4,0,1.00000000,1.00000000,0.00000000,0.00000000,0.00000000,0,0,0,0
ac42a5a54b029a05be6e6e13d9001a81761d7b40ad1edfe2,multifieldqa_en_e,4k-8k,11,20,9,0.16000000,0.12121212,-0.03878788,0.00000000,0.00000000,0,0,0,0
acb677cf87e701ac72bb4f218e584ae0b21b5b8bf7ae628d,samsum_e,4k-8k,12,23,11,0.17777778,0.22222222,0.04444444,0.77777778,0.61111111,0,0,0,0
ad9072f73e374683362450332b33f64ca57bcf51f4aa619c,repobench-p_e,8k+,22,22,0,0.00000000,0.00000000,0.00000000,1.00000000,1.00000000,0,0,0,0
ae58b22e9648e7f5daebad76cdb8c58831243ba861b55a65,passage_retrieval_en_e,8k+,4,5,1,1.00000000,0.00000000,-1.00000000,0.00000000,0.00000000,0,0,0,0
ae5a3edc1bc76fee6fa1aa6557e83bc3cfea0c190763ecce,multifieldqa_en_e,8k+,37,37,0,0.66666667,0.66666667,0.00000000,0.48484848,0.48484848,0,0,0,0
ae7446eeb8a43b396c665c525781802b2e3d98e4ffb4661b,lcc_e,8k+,17,17,0,0.00000000,0.00000000,0.00000000,0.00000000,0.00000000,0,0,0,0
ae7f62b2885477cee198daf63f804869b4e74e9fb8b73e67,repobench-p_e,8k+,14,13,-1,0.00000000,0.00000000,0.00000000,0.66666667,0.66666667,0,0,0,0
aeb6cb26b11fc386727a529761d9d233ec7ba8dea9800b0f,multifieldqa_en_e,8k+,20,32,12,0.38709677,0.28571429,-0.10138249,0.14285714,0.12000000,0,0,0,0
af9d8c20fdfa2ae16a43216cb6af05d0d3b21d9f378d789d,hotpotqa_e,8k+,6,6,0,0.00000000,0.00000000,0.00000000,0.00000000,0.00000000,0,0,0,0
afc69ae78edec70b690890e285882cf26620106e9a4ecc3d,lcc_e,0-4k,17,12,-5,0.00000000,0.00000000,0.00000000,0.00000000,0.00000000,0,0,0,0
afc97c9ba3cf7a6a59797f18ddf3fb8f6c3d1bb5e596249b,samsum_e,0-4k,20,28,8,0.15384615,0.18181818,0.02797203,0.56250000,0.47826087,0,0,0,0
b0e9d2c8c2359989437802df27dcaf61793a478db5d42e9d,gov_report_e,0-4k,2048,2048,0,0.02966102,0.02622577,-0.00343525,0.00000000,0.00000000,0,0,0,0
b0f42fe35532a3195281456d38184da20c1eba239afb0c9c,hotpotqa_e,4k-8k,4,4,0,1.00000000,1.00000000,0.00000000,0.66666667,0.66666667,0,0,0,0
b11d90d8797bd3624a7222663cb644c0647c47031d4ccdb4,samsum_e,0-4k,37,37,0,0.23255814,0.23255814,0.00000000,0.77777778,0.77777778,0,0,0,0
b1274054fb47283a1ffc0894563d06b581293b6bb9674b95,gov_report_e,8k+,2048,2048,0,0.13119330,0.13119330,0.00000000,0.00000000,0.00000000,0,0,0,0
b155aecffb5e1ef74521b93b394a762711865da783069804,passage_count_e,8k+,2048,2048,0,0.00000000,0.00000000,0.00000000,0.00000000,0.00000000,0,0,0,0
b1fdb80cd96f455762f4f3be78a4932e7ae5edb2802d9e5c,qasper_e,4k-8k,9,9,0,1.00000000,1.00000000,0.00000000,0.00000000,0.00000000,0,0,0,0
b22189533c27ba0a810969211e53747d68392c6e765f928f,multi_news_e,8k+,2048,2048,0,0.02746567,0.08462055,0.05715488,0.00000000,0.00000000,0,0,0,0
b25c605406d7d878df1dfab8199dbba951b14e1fb2a65a35,hotpotqa_e,4k-8k,5,5,0,1.00000000,1.00000000,0.00000000,1.00000000,1.00000000,0,0,0,0
b2acea6b02472a0a56410ca98ebc6dd1cdbf06755ca7e0d1,repobench-p_e,8k+,26,26,0,0.00000000,0.00000000,0.00000000,0.71428571,0.71428571,0,0,0,0
b2af3aefc3bc4f5ba5340eca87389e8dcaa6fa1834110aaf,hotpotqa_e,4k-8k,4,4,0,0.00000000,0.00000000,0.00000000,1.00000000,1.00000000,0,0,0,0
b31526033c3f9cc83adf49c8585353bd6d269b58c65e5b26,hotpotqa_e,8k+,7,8,1,0.40000000,0.33333333,-0.06666667,0.00000000,0.25000000,0,0,0,0
b3182e843bd08825f414556b4fd067f3cf34a65785392907,triviaqa_e,4k-8k,100,102,2,0.07017544,0.06779661,-0.00237883,0.96226415,0.96363636,1,1,0,0
b321c147c0e0a8a35ee8738ad89326ecad1509bf591b4233,multifieldqa_en_e,4k-8k,15,15,0,0.66666667,0.66666667,0.00000000,0.00000000,0.00000000,0,0,0,0
b3a8ce4f30c4a63469a0962d399578dd19822991df5f0c8f,trec_e,4k-8k,6,6,0,0.00000000,0.00000000,0.00000000,0.50000000,0.50000000,0,0,0,0
b404ba909fd6c4404b7e997d659e1be7bc9ce80d469de3f0,gov_report_e,0-4k,2048,2048,0,0.09013069,0.09021200,0.00008131,0.00000000,0.00000000,0,0,0,0
b4b2f8cc86acce7961fd4a36f0c444aa3278aa12143bd289,multi_news_e,8k+,11,2048,2037,0.03149606,0.07466169,0.04316563,0.00000000,0.00000000,0,0,0,0
b54c7e03934058ecfb683f2affb28f16ae13c506f7c2cea8,multi_news_e,0-4k,241,102,-139,0.17475728,0.19895288,0.02419560,0.00000000,0.00000000,0,0,0,0
b5632108341c1ca7995b00fe559e6281d6076c327973356f,passage_count_e,0-4k,2048,2048,0,0.00000000,0.00000000,0.00000000,0.00000000,0.00000000,1,1,0,0
b663180eb540c7a1cfecc13b032d5e636bd71e8247925ad2,passage_count_e,4k-8k,4,4,0,0.00000000,0.00000000,0.00000000,0.00000000,0.00000000,0,0,0,0
b66b3c973729802d35f81fa66a7dbb1b846445856909a378,qasper_e,4k-8k,10,68,58,0.06185567,0.29139073,0.22953506,0.25000000,0.06451613,0,0,0,0
b675e7ec77274569230340a34a9d3ffeeef7c805713f47fb,gov_report_e,8k+,2048,2048,0,0.12608497,0.11792677,-0.00815820,0.00000000,0.00000000,0,0,0,0
b7c83555f1f00555ceef46d6319dc71e0266c7d558ce3450,lcc_e,8k+,9,9,0,0.00000000,0.00000000,0.00000000,0.00000000,0.00000000,0,0,0,0
b7dd8ed217e148fa3d3c78e82a83645300bfda7fe86a9140,passage_count_e,4k-8k,2048,2048,0,0.00000000,0.00000000,0.00000000,0.00000000,0.00000000,0,0,0,0
b819834ec0fb0e44cd936945b9c0bc3df01098961e5c321c,multi_news_e,4k-8k,124,324,200,0.19254658,0.17741935,-0.01512723,0.00000000,0.00000000,0,0,0,0
b8498b4a243fb9cbca1c96ac7dc9a183d8cc52c475515bd6,hotpotqa_e,8k+,8,4,-4,0.40000000,0.00000000,-0.40000000,0.00000000,1.00000000,1,0,0,0
b88143528621f772f4673e1d5249faa750e66bd3d25dc48a,qasper_e,4k-8k,5,5,0,1.00000000,1.00000000,0.00000000,0.00000000,0.00000000,0,0,0,0
b905fd37b7ff3be088f96529a40cb48faab9fe584a6544a8,triviaqa_e,0-4k,8,8,0,0.28571429,0.28571429,0.00000000,1.00000000,1.00000000,1,1,0,0
b90d31f3f388a502c05114a705677264035403df509fc19e,lcc_e,8k+,2048,8,-2040,0.00000000,0.00000000,0.00000000,0.00000000,0.00000000,0,0,0,0
ba3090092e06b6abb702bed899d67bd54ff9b3619ac38d80,samsum_e,8k+,22,22,0,0.25000000,0.25000000,0.00000000,0.94444444,0.94444444,0,0,0,0
ba31b3f52529bcbe88526d39a80a7160c949efc3e3419dab,gov_report_e,0-4k,2048,2048,0,0.07269653,0.08076603,0.00806949,0.00000000,0.00000000,0,0,0,0
baa8de84ab065678542bc7eba856ad8688646323f9d230bd,repobench-p_e,4k-8k,10,2048,2038,0.00000000,0.00000000,0.00000000,1.00000000,0.99682540,0,0,0,0
baecc08d58bfa79e6ba36cbde8cfcd3d7f7f453e267eddef,triviaqa_e,8k+,4,4,0,1.00000000,1.00000000,0.00000000,1.00000000,1.00000000,0,0,0,0
baf705ab274b5f13bc3bb9d0807a2042a4681a3ef60a6719,2wikimqa_e,4k-8k,8,8,0,0.00000000,0.00000000,0.00000000,1.00000000,1.00000000,0,0,0,0
bb02cffdbe43c202f95f4e90ccbdca9de7b40903b401c0db,gov_report_e,4k-8k,278,2048,1770,0.16137566,0.10620221,-0.05517345,0.00000000,0.00000000,0,0,0,0
bb61178533c5be953add89714a94f63d8859e509ca065dc9,triviaqa_e,8k+,5,5,0,1.00000000,1.00000000,0.00000000,1.00000000,1.00000000,0,0,0,0
bb9138ad9c4ec49fb050ec8baa524435605afad182147d09,gov_report_e,4k-8k,2048,2048,0,0.16429170,0.05431698,-0.10997472,0.00000000,0.00000000,0,0,0,0
bb930587e12f029a24404d35679f8e99696f13f661ef2e3c,lcc_e,4k-8k,10,10,0,1.00000000,1.00000000,0.00000000,0.00000000,0.00000000,0,0,0,0
bc7c2e1d3739cafeb1efd7a2d8283ffdb76f722350be3089,lcc_e,8k+,14,2048,2034,0.00000000,0.00000000,0.00000000,0.00000000,0.00000000,0,0,0,1
bc84939098d7b7b2a9281c2d3285c4c14fc400828c526597,passage_count_e,0-4k,2048,2048,0,0.00000000,0.00000000,0.00000000,0.00000000,0.00000000,0,0,0,0
bcd12fc83b049649e4609d18f3c25490db2d34e90d3517d7,lcc_e,8k+,2048,2048,0,0.00000000,0.00000000,0.00000000,0.00000000,0.00000000,0,0,0,0
bce8c873b0e03d7987901a434e532bcf2f1fcf70d68272f0,passage_count_e,8k+,3,3,0,0.00000000,0.00000000,0.00000000,0.00000000,0.00000000,0,0,0,0
bd4cc2f0ee54ff30ca7c9989eb2f04fbe131bf5e5ca1b497,passage_count_e,8k+,4,4,0,0.00000000,0.00000000,0.00000000,0.00000000,0.00000000,0,0,0,0
bd51313596feec0e2ed933c6b481888897651f922ad46ad9,triviaqa_e,4k-8k,2048,2048,0,0.00389484,0.00389484,0.00000000,1.00000000,1.00000000,1,1,0,0
bd8a96aa58c93ef2128a424f1cc9c700e0d9db5b72018c04,triviaqa_e,8k+,4,4,0,0.66666667,0.66666667,0.00000000,1.00000000,1.00000000,0,0,0,0
bda4a6b251a601b7f7f956f298b59d8e99993845c1eaf7d6,multifieldqa_en_e,8k+,53,63,10,0.33333333,0.23255814,-0.10077519,0.16666667,0.12903226,0,0,0,0
bdb0869eef5dc63a1ce764131748e9c0c51245fdf7dffb02,trec_e,8k+,2048,2048,0,0.00000000,0.00000000,0.00000000,0.00000000,0.00000000,1,1,0,0
be012d8ec9ecb6f924d8ae8001eda13fdf65ffdbd1332a81,trec_e,8k+,2048,2048,0,0.00000000,0.00000000,0.00000000,0.00000000,0.00000000,0,0,0,0
be36d3cd74149db1e9a0f84a74a32fb37a1f31ef93fb87a5,triviaqa_e,8k+,4,4,0,0.00000000,0.00000000,0.00000000,1.00000000,1.00000000,0,0,0,0
be3fdb069dd3b070468b595f581bb653bbc5f91304ee5d3b,trec_e,8k+,2048,2048,0,0.00000000,0.00000000,0.00000000,1.00000000,1.00000000,1,1,0,0
be43e175180a48abca2fb2fe065596afb06f7e4efc660c65,passage_retrieval_en_e,4k-8k,4,4,0,1.00000000,1.00000000,0.00000000,0.00000000,0.00000000,0,0,0,0
be4d4959d7949617c60514aca9532e4ae10310e63a99f05a,samsum_e,0-4k,14,15,1,0.21621622,0.26315789,0.04694168,0.63636364,0.66666667,0,0,0,0
bf095bb46d18ac9f79888148e8d0f8bdcbbb0badb419e01b,lcc_e,0-4k,37,17,-20,0.00000000,0.00000000,0.00000000,0.00000000,0.00000000,0,0,0,0
bfde0c2112623ac7299ffb791e3e50c2356273d1afc941cc,repobench-p_e,8k+,13,13,0,0.00000000,0.00000000,0.00000000,0.75000000,0.75000000,1,1,0,0
c0589a8a7f7861f01a1a6396aeafcf23caaa2f0e154b711a,2wikimqa_e,8k+,6,6,0,0.00000000,0.00000000,0.00000000,0.00000000,0.00000000,0,0,0,0
c05989b7756c51729fb16584586a5e7b3cc6e4c942b41c1a,triviaqa_e,8k+,2048,2048,0,0.00341297,0.00341297,0.00000000,1.00000000,1.00000000,1,1,0,0
c061333422958078686828eac8506ea4cc2fb98266390ffa,passage_retrieval_en_e,4k-8k,4,4,0,1.00000000,1.00000000,0.00000000,0.00000000,0.00000000,0,0,0,0
c085e944c27941be03b4e45db3039b45a31f3c50117537a9,2wikimqa_e,8k+,2,2,0,0.00000000,0.00000000,0.00000000,0.00000000,0.00000000,0,0,0,0
c08f2666099350ba9dbc05457ad0b2d4c80cba1cf5a949e4,samsum_e,8k+,16,15,-1,0.26666667,0.20689655,-0.05977011,0.75000000,0.72727273,0,0,0,0
c0a8a1d30915b87ad83276cbbd6c2fd8661fc3f222da6803,multi_news_e,8k+,544,449,-95,0.12703102,0.13029316,0.00326214,0.00000000,0.00000000,0,0,0,0
c116b9fad380b16c1da5f567d789ff269fff9bc579389801,trec_e,8k+,2048,2048,0,0.00000000,0.00000000,0.00000000,0.00000000,0.00000000,1,1,0,0
c21c13d3b677378ed986de245e248e8980283b73d810001c,samsum_e,8k+,14,14,0,0.12500000,0.12500000,0.00000000,0.63636364,0.63636364,0,0,0,0
c251cd289476f231235d8bb5c0026551756c08419582928e,passage_retrieval_en_e,4k-8k,5,5,0,0.00000000,0.00000000,0.00000000,0.00000000,0.00000000,0,0,0,0
c27c0c36d78034f1a4755d22cea9dd1ea50ead1a9454a279,repobench-p_e,4k-8k,2048,2048,0,0.00000000,0.00000000,0.00000000,0.00211119,0.49781659,0,0,0,0
c28849c629ab83f232c73883e2121800640c59fc008e934a,repobench-p_e,8k+,2048,17,-2031,0.00000000,0.00000000,0.00000000,0.50244499,0.80000000,0,0,0,0
c29e95ab6195406aceecf3874186150cb1b8b26db5bcd0e4,multifieldqa_en_e,0-4k,8,8,0,1.00000000,1.00000000,0.00000000,0.40000000,0.40000000,0,0,0,0
c3316bc1ff3252c22237a01fb2206840b6f8d139c1c50edc,samsum_e,8k+,21,21,0,0.26315789,0.26315789,0.00000000,0.72222222,0.72222222,0,0,0,0
c392f62eb05235efcd5d07680c3cd7acc53f50726004165d,triviaqa_e,4k-8k,5,5,0,0.00000000,0.00000000,0.00000000,1.00000000,1.00000000,0,0,0,0
c39c8ce5bb3ecea7093b620844eb10baf34aebda37104493,lcc_e,8k+,10,10,0,0.00000000,0.00000000,0.00000000,0.00000000,0.00000000,0,0,0,0
c3d0c9a14b73cde3ce17d1a6516d5b7cdcd6ed61ddd0a2f4,repobench-p_e,8k+,13,24,11,0.00000000,0.00000000,0.00000000,0.00000000,0.66666667,0,0,0,0
c40c350f0ed3bdb1262fa475b4a106b6f0c90af166f83682,gov_report_e,8k+,2048,2048,0,0.06948775,0.06951872,0.00003097,0.00000000,0.00000000,0,0,0,0
c4286c67441459fa029c52f9e62f1bb16e348da4d623dec9,passage_retrieval_en_e,4k-8k,4,4,0,1.00000000,1.00000000,0.00000000,0.00000000,0.00000000,0,0,0,0
c44cd4b3d05e349d96d0107750992323e358891d05732948,multi_news_e,8k+,85,85,0,0.21739130,0.21739130,0.00000000,0.00000000,0.00000000,0,0,0,0
c48d09a8554b241e4d79956b75662da87b99458aa872b0de,lcc_e,0-4k,10,9,-1,0.00000000,0.00000000,0.00000000,0.00000000,0.00000000,0,0,0,0
c4a9e8c40dd776bf7d13f0f6da0db5922ac35d59499a77ad,multi_news_e,8k+,2048,2048,0,0.06015779,0.04821601,-0.01194178,0.00000000,0.00000000,0,0,0,0
c4aa8c23d63b2888f14928352f12d04a28e553b22197a188,trec_e,0-4k,4,4,0,1.00000000,1.00000000,0.00000000,0.00000000,0.00000000,0,0,0,0
c4f2dfb06f56a185067d2f147c4d846aa0b895f1968eda12,multifieldqa_en_e,0-4k,5,5,0,1.00000000,1.00000000,0.00000000,0.50000000,0.50000000,0,0,0,0
c529ffc0301329806babf5d6dc7c8ab8eb451d2f4d1411ae,passage_retrieval_en_e,8k+,10,10,0,0.00000000,0.00000000,0.00000000,0.50000000,0.00000000,0,0,0,0
c5495b749f851f856c4abbaf40bd972fe86baddd642cdb87,samsum_e,0-4k,2048,2048,0,0.00542741,0.00542741,0.00000000,0.80027360,0.80027360,0,0,0,0
c5671a1f6453fcbf768f89353522b2aa2b800ab1402ff237,passage_count_e,4k-8k,3,3,0,0.00000000,0.00000000,0.00000000,0.00000000,0.00000000,0,0,0,0
c5b3c8bd713b960704e3fe39f8f59a429f3f8b431eab3ca8,repobench-p_e,8k+,17,17,0,0.00000000,0.00000000,0.00000000,0.00000000,0.00000000,0,0,0,0
c5b67fae3f50b2c27eaa6248ea92ba04b917aca24810ab36,hotpotqa_e,4k-8k,4,4,0,0.80000000,0.80000000,0.00000000,1.00000000,1.00000000,0,0,0,0
c5b81ba8430b7e7547bcdb1f18b7b7b19ce68f64a44ea88a,lcc_e,8k+,2048,17,-2031,0.00000000,0.00000000,0.00000000,0.00000000,0.00000000,0,0,0,0
c6381b4e3611955f928d30059f280a02a053c559cafeac7b,gov_report_e,4k-8k,2048,2048,0,0.18101933,0.18101933,0.00000000,0.00000000,0.00000000,0,0,0,0
c638b70d5510d1575c94763622b9c49f2e3de77086e16d17,gov_report_e,8k+,1411,2048,637,0.17005348,0.16152844,-0.00852503,0.00000000,0.00000000,1,1,0,0
c66705ce6d727cef25c32c37fefdc94bbc61dea14455147d,multi_news_e,8k+,2048,2048,0,0.04526167,0.05941499,0.01415332,0.00000000,0.00000000,0,0,0,0
c67a466a8e3d23bf26e8943352ef9239007495c8bd6febec,2wikimqa_e,4k-8k,13,10,-3,0.00000000,0.00000000,0.00000000,0.57142857,1.00000000,0,0,0,0
c6d7b3b756c44de21e714d0d2e76444a864e7537944085b8,hotpotqa_e,0-4k,39,42,3,0.10000000,0.09090909,-0.00909091,0.36842105,0.33333333,1,1,0,0
c7ad556387e8215bae3f8ccd30ba35e0093218fe48168718,multifieldqa_en_e,8k+,13,13,0,0.80000000,0.80000000,0.00000000,0.20000000,0.20000000,0,0,0,0
c7eeea5b285b2c95ce8e80fb2937bc5027dd7ef9835b1e68,passage_retrieval_en_e,4k-8k,119,135,16,0.00000000,0.00000000,0.00000000,0.97959184,0.98198198,1,1,0,0
c80d4bf6971ba2e7a0b3a5affdaa50a01a03faa368077524,samsum_e,4k-8k,13,13,0,0.07407407,0.07407407,0.00000000,0.66666667,0.66666667,0,0,0,0
c815603523a7c99e72b8ebe2c4385c492cdce46b23326fde,samsum_e,0-4k,15,14,-1,0.05555556,0.05714286,0.00158730,0.66666667,0.63636364,0,0,0,0
c8196f55c719e2e4e3b10439d7b124a90f9f4b3c1cd39db9,2wikimqa_e,8k+,24,24,0,0.00000000,0.00000000,0.00000000,0.00000000,0.00000000,0,0,0,0
c8597801a4a3bf1497b07619054e5f24fd395eb210d113fa,qasper_e,8k+,7,7,0,0.00000000,0.00000000,0.00000000,0.00000000,0.00000000,0,0,0,0
c944918cb947332b0368cc86bdb9b8b3ac7b91f3a924105a,hotpotqa_e,8k+,3,3,0,1.00000000,0.00000000,-1.00000000,0.00000000,0.00000000,0,0,0,0
c9550d3f26ecccb2d0b8eac7ca9edaaa8cec81eaf676359e,triviaqa_e,8k+,3,3,0,1.00000000,1.00000000,0.00000000,1.00000000,1.00000000,0,0,0,0
c95f88ab1a088c2be4b40996b02b5f1494d54ad1654db11c,multi_news_e,4k-8k,119,2048,1929,0.11702128,0.02057815,-0.09644313,0.00000000,0.00000000,0,0,0,0
c98264a0d737c7b6fa05c849dbf6478898edb999de893025,multi_news_e,8k+,2048,2048,0,0.04923798,0.06909091,0.01985293,0.00000000,0.00000000,0,1,0,0
c9845fb4984b617ff7dc55fdf38336e403dffc2b76895954,hotpotqa_e,4k-8k,2048,2048,0,0.00000000,0.00000000,0.00000000,0.66639544,0.00195122,0,0,0,0
c9bc53e89144a8c1b03d01e02e1ea97fc9c7296d40c68b9d,gov_report_e,8k+,2048,2048,0,0.14647378,0.12429832,-0.02217546,0.00000000,0.00000000,1,1,0,0
c9cb79a1b336b3dd72f967dd07e38bc20e9a5941b2121148,passage_count_e,4k-8k,337,2048,1711,0.00000000,0.00000000,0.00000000,0.00000000,0.00000000,0,0,0,0
ca06c3f82b647eb99a1c7b5d69047e9b373e600144bb80ee,2wikimqa_e,4k-8k,4,13,9,0.33333333,0.25000000,-0.08333333,0.33333333,0.20000000,0,0,0,0
cab713d4812f7c19a4e2fa511895ac02eff30509bb174327,passage_count_e,0-4k,577,2048,1471,0.00000000,0.00000000,0.00000000,0.00000000,0.00000000,1,1,0,0
cac004055a09b7695807e9b9bfac551caec28b3f1e1b6639,triviaqa_e,8k+,6,6,0,1.00000000,1.00000000,0.00000000,1.00000000,1.00000000,0,0,0,0
cc1fd9655676aa4001298d0d4635d157b581cae5718c9356,trec_e,0-4k,2,2,0,1.00000000,1.00000000,0.00000000,1.00000000,1.00000000,0,0,0,0
cc60f81dd326ff09f58f43be2dce0697c64584436e134134,trec_e,0-4k,3,3,0,0.00000000,0.00000000,0.00000000,1.00000000,1.00000000,0,0,0,0
cce3218a9cad572b66a3f824031607a4e5ea5d8495a41b05,multi_news_e,8k+,1493,2048,555,0.09846547,0.05422315,-0.04424232,0.00000000,0.00000000,0,0,0,0
ccf692dbfe40b63bf3a97185921f097b8feb95d23a417a2a,gov_report_e,0-4k,2048,2048,0,0.07471264,0.04620169,-0.02851096,0.00000000,0.00000000,0,0,0,0
cd102ddc34369064ebc9c83cfc1ae5e62a149db89caf9d42,passage_retrieval_en_e,8k+,5,5,0,0.00000000,0.00000000,0.00000000,0.00000000,0.00000000,0,0,0,0
cd87f7257c1643160d16a29ba42d67f828eaea3930ac0450,passage_count_e,8k+,2048,2048,0,0.00000000,0.00000000,0.00000000,0.00000000,0.00000000,0,0,0,0
cd8ca2bf5c54f18e6951edcdefeb1f3513d2d7f88bf6f218,multi_news_e,8k+,2048,2048,0,0.08708273,0.07201029,-0.01507244,0.00000000,0.00000000,0,0,0,0
cdc606b8d73dab2f7c21155bbca338cbfc154df6e84b1f50,multi_news_e,0-4k,53,49,-4,0.11059908,0.14611872,0.03551964,0.00000000,0.00000000,0,0,0,0
ce7f21253f5b6998c0649a4315be625c7a9c0ff6e327e9ff,trec_e,4k-8k,2,2,0,1.00000000,1.00000000,0.00000000,0.00000000,0.00000000,0,0,0,0
ceb066ebbc96e274687159b83728f06a4c4aebe46376d687,passage_count_e,4k-8k,2048,2048,0,0.00000000,0.00000000,0.00000000,0.00000000,0.00000000,0,0,0,0
ceda957dd07f5ce14bcb4aa39398030bd058f4458c96f41c,multi_news_e,8k+,2048,70,-1978,0.04329004,0.12969283,0.08640279,0.00000000,0.00000000,0,0,0,0
cf203265b2f7360e8c6c39cc20e793bb8300265617250ae9,samsum_e,8k+,16,16,0,0.18181818,0.18181818,0.00000000,0.30769231,0.30769231,0,0,0,0
cf42618fd7afcae9079bf9e45ecf7b4a8d101be1407aa8f6,passage_count_e,8k+,2048,2048,0,0.00000000,0.00000000,0.00000000,0.00000000,0.00000000,0,0,0,0
cf9464373a128bf26c8d2778f9e4a37c5a15dbed12ad01ae,samsum_e,8k+,9,9,0,0.28571429,0.28571429,0.00000000,0.16666667,0.16666667,0,0,0,0
d0dadaf42e55eb0474c55d5bb00e3b69bd251e66d3ca372b,trec_e,8k+,2048,2048,0,0.00000000,0.00000000,0.00000000,0.00000000,0.00000000,1,1,0,0
d11894d8411463b8ec99c7e12fe204b484174dceaf7ba0fb,hotpotqa_e,4k-8k,6,5,-1,0.00000000,0.00000000,0.00000000,0.66666667,0.66666667,0,0,0,0
d11b4d760bd1b3107de6dfc8bd9a39d24c7696400da19e90,lcc_e,8k+,12,12,0,0.00000000,0.00000000,0.00000000,0.00000000,0.00000000,0,0,0,0
d1a3433f92c83bfdb6f55cc101113b8e1a616035fc72ccf3,passage_retrieval_en_e,4k-8k,5,5,0,0.00000000,0.00000000,0.00000000,0.00000000,0.00000000,0,0,0,0
d1af3dd4346c66c30de596db4e8af100659ecd4ff4229d2e,lcc_e,8k+,27,27,0,0.00000000,0.00000000,0.00000000,0.00000000,0.00000000,0,0,0,0
d1cd11866ff12ea793c26c2d19db1259fcaa9cc2c7ebc1dc,2wikimqa_e,8k+,4,4,0,0.00000000,0.00000000,0.00000000,0.00000000,0.00000000,0,0,0,0
d1cdb285b1f1b73f8d637fde4adf331aa839bb2e31eb8599,lcc_e,0-4k,16,16,0,1.00000000,1.00000000,0.00000000,0.00000000,0.00000000,0,0,0,0
d1d5498b810d6a3e59553c6813a13a3f4371bd3a9fda0a91,gov_report_e,0-4k,2048,2048,0,0.15584416,0.13245033,-0.02339382,0.00000000,0.00000000,0,0,0,0
d25f1c9cd2abacee913c557afcaa49b80c3b7f906732e51c,trec_e,8k+,4,4,0,1.00000000,1.00000000,0.00000000,0.00000000,0.00000000,0,0,0,0
d2735fff15b086728cac4400c5e3e30a72187ec3ac68c87a,passage_count_e,8k+,4,3,-1,0.00000000,0.00000000,0.00000000,0.00000000,0.00000000,1,0,0,0
d309e35893ff9fcde18af2faba077ee05ef3c7bcc05f31b4,passage_count_e,8k+,2048,2048,0,0.00000000,0.00000000,0.00000000,0.00000000,0.00000000,1,1,0,0
d334c493b20339d6f22b011133f9943d33ed9d1992043c41,passage_retrieval_en_e,8k+,5,5,0,0.00000000,0.00000000,0.00000000,0.00000000,0.00000000,0,0,0,0
d395acf86c300e844f6c49160568b1d1fadc04bd53a0b362,trec_e,8k+,2,2,0,1.00000000,1.00000000,0.00000000,0.00000000,0.00000000,0,0,0,0
d3b3b72a2836731984ddaeedef02d1d523ca0b4fdea81a28,gov_report_e,4k-8k,267,167,-100,0.15021459,0.11737089,-0.03284370,0.00000000,0.00000000,0,0,0,0
d3b42d558b1a0e6d38a3cd63521f90726d0a0726bd3400c1,hotpotqa_e,4k-8k,5,5,0,0.00000000,0.00000000,0.00000000,0.33333333,0.33333333,0,0,0,0
d3e06b7c06b53895a9f8832f583702defd61235a3fb53cf6,repobench-p_e,4k-8k,7,7,0,0.00000000,0.00000000,0.00000000,0.50000000,0.50000000,0,0,0,0
d3f8c92fa9344b00c0a12320fa42bc986a3049e38e067906,triviaqa_e,4k-8k,2048,2048,0,0.00389864,0.00389864,0.00000000,1.00000000,1.00000000,1,1,0,0
d49ef835b43a8b034db19c0b68604476a2772433f36e3c34,passage_count_e,8k+,3,3,0,0.00000000,0.00000000,0.00000000,0.00000000,0.00000000,0,0,0,0
d506ba70d78af571a3772f7b28b3eee4c34a87d8ab3dfba4,passage_retrieval_en_e,8k+,5,5,0,0.00000000,0.00000000,0.00000000,0.00000000,0.00000000,0,0,0,0
d50e378285ffe6f2eb6ea81e130fe710246d93408b867267,passage_count_e,0-4k,6,6,0,0.00000000,0.00000000,0.00000000,0.00000000,0.00000000,0,0,0,0
d536e0118e2ccb5d48ad407aad1e2b188209fc8bb8cb30d3,gov_report_e,8k+,670,2048,1378,0.17850638,0.13812950,-0.04037688,0.00000000,0.00000000,1,1,0,0
d537b12e34726bd7fd3d290f562034080e073a7cee27c943,lcc_e,8k+,2048,14,-2034,0.00000000,0.00000000,0.00000000,0.00000000,0.00000000,0,0,0,0
d58fb219c1ed63c879b350f4b624008a423422dd2206869c,gov_report_e,8k+,2048,2048,0,0.13602214,0.13303371,-0.00298844,0.00000000,0.00000000,0,0,0,0
d5b5ac79af67b0d5b48430694de20d2bd3fe451b8ade78a2,triviaqa_e,8k+,9,2048,2039,0.00000000,0.00000000,0.00000000,1.00000000,1.00000000,0,0,0,0
d5bd0c27f711122cb9cbd09ffdc1eed1cd7eb6ce796320e0,repobench-p_e,4k-8k,9,20,11,0.00000000,0.00000000,0.00000000,0.00000000,0.27272727,0,0,0,0
d5c9beedd5762aded651031b86e781db2dfda2c183e5447d,trec_e,4k-8k,2048,2048,0,0.00000000,0.00000000,0.00000000,0.00000000,0.00000000,0,0,0,0
d5e92fcef6747ba1518ae7d8a46ad274b585425b2c889d5b,qasper_e,4k-8k,2048,2048,0,0.01418440,0.01158301,-0.00260139,0.00000000,0.00000000,0,0,0,0
d5e9ecaf1749f2d6fee7110e69f7e2b9959bd1123c588d1f,gov_report_e,8k+,2048,2048,0,0.11409396,0.11409396,0.00000000,0.00000000,0.00000000,0,0,0,0
d5eedab3ea042c1c08dc641703128ae000c375975c37a2b8,trec_e,4k-8k,4,2048,2044,1.00000000,0.00000000,-1.00000000,0.00000000,0.00000000,0,1,0,0
d67f895d64615878d08f14f97bdbe5627d4a6b0b087934c3,hotpotqa_e,8k+,3,3,0,0.00000000,0.00000000,0.00000000,0.00000000,0.00000000,0,0,0,0
d6b1ca843f4712bab59caf130093f053913d334086088018,gov_report_e,4k-8k,2048,2048,0,0.05382436,0.09576613,0.04194177,0.00000000,0.00000000,0,0,0,0
d6e0fb2ff8a19c243e92b7242fece0adc5425bb8cc6722a6,repobench-p_e,4k-8k,5,5,0,0.00000000,0.00000000,0.00000000,1.00000000,1.00000000,0,0,0,0
d73b6b36aaf7889cfbb502b51ef38cb44bd10ee59a67fbe2,passage_retrieval_en_e,8k+,5,5,0,0.00000000,0.00000000,0.00000000,0.00000000,0.00000000,0,0,0,0
d7d4d2b381a5246dc634bf94034f09302280fe4e040cbe08,passage_retrieval_en_e,8k+,2048,2048,0,0.00000000,0.00000000,0.00000000,0.00000000,0.00000000,0,1,0,0
d80be523f42b1d87a001eb95b1c99062583e94731a70cd46,passage_count_e,4k-8k,2048,2048,0,0.00000000,0.00000000,0.00000000,0.00000000,0.00000000,0,0,0,0
d8761aecea17ff51005b8c45619106989fb1410edc0e2803,triviaqa_e,8k+,2048,2048,0,0.00000000,0.00000000,0.00000000,0.99756098,0.00000000,0,0,0,0
d890086b7ad0f59eb69b6db92bf23051d1e5abd7785121a7,qasper_e,4k-8k,3,3,0,0.00000000,0.00000000,0.00000000,0.00000000,0.00000000,0,0,0,0
d8bc1fe5d87faf89930b8a8e7bb543085b469cb84c2ebdee,samsum_e,8k+,26,28,2,0.18750000,0.17647059,-0.01102941,0.50000000,0.50000000,0,0,0,0
d8c8b00b838325c225d453753a78172b2c02d68a5f6a1a12,multi_news_e,4k-8k,2048,2048,0,0.07418253,0.04578564,-0.02839689,0.00000000,0.00000000,0,0,0,0
d9498c0fbfcb672ba5d114d73232817f7d7dd66ac68dc476,hotpotqa_e,0-4k,8,7,-1,0.00000000,0.25000000,0.25000000,0.16666667,0.40000000,0,0,0,0
d95b33cbe3496fb98638b3c3b1a956847b6472aa8d18a5cc,qasper_e,0-4k,10,10,0,0.50000000,0.50000000,0.00000000,0.33333333,0.33333333,0,0,0,0
d9857d64f2dfa3c3822abfa78e09e4856be5d473e3dbd04e,repobench-p_e,8k+,9,9,0,0.00000000,0.00000000,0.00000000,0.50000000,0.50000000,0,0,0,0
d9a73c2c6b5c31afbe4ac092921725cb8d5382415378d7c5,triviaqa_e,4k-8k,2048,2048,0,0.00292398,0.00292398,0.00000000,1.00000000,0.99853587,1,1,0,0
d9d9ed4c666deb02016eac700dd099a5d29270e9e439f714,passage_count_e,8k+,2048,3,-2045,0.00000000,0.00000000,0.00000000,0.00000000,0.00000000,0,0,0,0
da18f092af6180c41fd3cde6110090948ab26331363ae788,multi_news_e,0-4k,275,275,0,0.17112299,0.17112299,0.00000000,0.00000000,0.00000000,0,0,0,0
da7e49792f3a2d27863309727df4e926e397b98ea5c7a30e,lcc_e,0-4k,14,8,-6,0.00000000,0.00000000,0.00000000,0.00000000,0.00000000,0,0,0,0
da8974387b8257cf36d89a6de731401708800d616a743629,trec_e,8k+,2048,2048,0,0.00000000,0.00000000,0.00000000,0.99707602,0.99707602,0,0,0,0
da920e22d518ddbf4cc07219f9e38f94f95f8964ef3ae455,repobench-p_e,8k+,41,41,0,0.00000000,0.00000000,0.00000000,1.00000000,1.00000000,0,0,0,0
daa4eb9d8b28a987b1c2c049200634cdc510636b19a64ccd,multifieldqa_en_e,4k-8k,4,4,0,0.66666667,0.66666667,0.00000000,0.50000000,0.50000000,1,1,0,0
daaf2e7324a8339d157f22a8060117f70cc05a0e87ff37d1,2wikimqa_e,8k+,7,7,0,0.00000000,0.00000000,0.00000000,0.00000000,0.00000000,0,0,0,0
dac493ba4f0384ffeca47421d2111feceecf2750e56e73f9,2wikimqa_e,8k+,7,7,0,1.00000000,1.00000000,0.00000000,1.00000000,1.00000000,0,0,0,0
dad1f1c38bf5fcf9c341f68ef995f98acba22ee61cfd086c,trec_e,8k+,12,12,0,0.00000000,0.00000000,0.00000000,0.75000000,0.75000000,1,1,0,0
dad39ff56af22fac2c8f08b17739a3b8efc42eae70184022,passage_retrieval_en_e,8k+,2048,5,-2043,0.00000000,0.00000000,0.00000000,0.00000000,0.00000000,0,0,0,0
db2897f4cc329f058df547f296d35814c4d56f7f8793d0f7,multi_news_e,0-4k,82,14,-68,0.16000000,0.04918033,-0.11081967,0.00000000,0.00000000,0,0,0,0
dbf1e1aaf4bb930e3520de800091020e5b391556904e0ed9,2wikimqa_e,4k-8k,25,25,0,0.33333333,0.33333333,0.00000000,1.00000000,1.00000000,1,1,0,0
dc6be0ef58abc3144c039a40c84dddabd1490e8457051e1c,lcc_e,0-4k,14,13,-1,0.00000000,0.00000000,0.00000000,0.00000000,0.00000000,0,0,0,0
dd9b5e65e2433ed329d1dca1dad4376defdcdb7b50424a38,passage_retrieval_en_e,8k+,4,4,0,1.00000000,1.00000000,0.00000000,0.00000000,0.00000000,0,0,0,0
ddbfe085c46c1c7882246aeb0e735bb4d4f1c449cbfc2851,lcc_e,8k+,11,10,-1,0.00000000,0.00000000,0.00000000,0.00000000,0.00000000,0,0,0,0
ddef85987756dc1bb67dcb2378d22fef73e412672cecf8ee,repobench-p_e,8k+,9,13,4,0.00000000,0.00000000,0.00000000,0.50000000,1.00000000,0,0,0,0
ddfed65e5495d0257b22a9537993c3453d8590cc94b8e0d6,multifieldqa_en_e,8k+,9,9,0,0.17391304,0.17391304,0.00000000,0.00000000,0.00000000,0,0,0,0
de12796f0b44192fa49330a70a956b53668b09b95a2e72d1,2wikimqa_e,8k+,11,11,0,0.00000000,0.00000000,0.00000000,0.66666667,0.66666667,0,0,0,0
de58f99e665ae3407fb660c6f52c301e8a714ccdb4392bcf,qasper_e,4k-8k,12,9,-3,0.16666667,0.16666667,0.00000000,0.00000000,0.00000000,0,0,0,0
df03b10db69a1beab3fbdf1343e701db841fac48df1a98a2,trec_e,4k-8k,2048,2048,0,0.00000000,0.00000000,0.00000000,0.00000000,0.00000000,1,0,0,0
df0e67f7bb91aa694d93b8194180a520f9c50c487837b913,qasper_e,4k-8k,7,7,0,0.17391304,0.17391304,0.00000000,0.50000000,0.50000000,0,0,0,0
df787018ccd7e7e89c0197791eebe43539f167352890f246,multi_news_e,4k-8k,154,2048,1894,0.12009238,0.03800905,-0.08208333,0.00000000,0.00000000,1,1,0,0
df98d0ca8b3caa0df1decac9bc11da941ff31b72bd677e8b,passage_retrieval_en_e,4k-8k,4,4,0,1.00000000,1.00000000,0.00000000,0.00000000,0.00000000,0,0,0,0
dffb383ee06d8413ac40e2c1ec7bde5548ef07fc8f35ad2f,multifieldqa_en_e,4k-8k,3,3,0,0.16666667,0.16666667,0.00000000,0.00000000,0.00000000,0,0,0,0
dffd4a8b00955ae07c4ff880a14e7b34a2af5c49d13555ee,lcc_e,8k+,2048,195,-1853,0.00000000,0.00000000,0.00000000,0.00000000,0.00000000,0,0,0,0
e000641ea859405cfea09c7ca509e38e4afc118e2fc0495b,passage_retrieval_en_e,4k-8k,4,5,1,0.00000000,0.00000000,0.00000000,0.00000000,0.00000000,0,0,0,0
e04fb667c00a2c99ad1a1a102b81865d021708de9a64e58e,2wikimqa_e,4k-8k,3,3,0,0.00000000,0.00000000,0.00000000,0.00000000,0.00000000,0,0,0,0
e073fe98e7399449d3472ff2c32bb8dedfc57fb49c773ee3,2wikimqa_e,4k-8k,5,5,0,0.00000000,0.00000000,0.00000000,1.00000000,1.00000000,0,0,0,0
e119cb76f4954626c5b4c08692acc7a83e7ddb7a9911dd59,hotpotqa_e,0-4k,6,6,0,1.00000000,1.00000000,0.00000000,1.00000000,1.00000000,0,0,0,0
e1439b2d77ce90280f85c9b3aaca79d8880aa1f7d97545ea,2wikimqa_e,4k-8k,7,7,0,1.00000000,1.00000000,0.00000000,1.00000000,1.00000000,0,0,0,0
e14effdfd1d2d53f9eb0f892aa7e91d04e846a77d24f397f,hotpotqa_e,4k-8k,3,3,0,1.00000000,1.00000000,0.00000000,0.00000000,0.00000000,0,0,0,0
e15e50d70d4a64727bc687f79114263f60d4e3c57987a5df,multi_news_e,0-4k,404,2048,1644,0.18903592,0.06585789,-0.12317803,0.00000000,0.00000000,1,0,0,0
e165b7488915cd9a46cf08559023a2817cf8f8f990d1c1d7,hotpotqa_e,8k+,5,6,1,0.00000000,0.00000000,0.00000000,0.00000000,0.00000000,0,0,0,0
e19cfadbbc6c94cd84bacd6bd5bb0fef3158224e97965f8f,gov_report_e,8k+,2048,584,-1464,0.10932203,0.14505119,0.03572916,0.00000000,0.00000000,0,0,0,0
e1b6edc0310b4329374915aa013f0870213342822a728142,hotpotqa_e,8k+,2048,2048,0,0.00195122,0.00195122,0.00000000,0.00000000,0.00000000,1,1,0,0
e1c3cc7ce5dcbe10bb907e13bf9c2f669f27e5549a8a6f90,gov_report_e,4k-8k,2048,2048,0,0.12474354,0.12792128,0.00317774,0.00000000,0.00000000,0,0,0,0
e228db9d2df0a3ff46c616ddb9123fdb80b7066a208344a9,gov_report_e,4k-8k,110,121,11,0.10106383,0.11023622,0.00917239,0.00000000,0.00000000,0,0,0,0
e27d681e57e3119e47840d60fe4747f472280e4cfa974fe3,samsum_e,4k-8k,19,28,9,0.30769231,0.28070175,-0.02699055,0.93750000,0.85714286,0,0,0,0
e2b21e6c72b2a258c8d8dd7b7f94ee08b4a1edd012ccce04,qasper_e,0-4k,2048,2048,0,0.01366354,0.01048218,-0.00318136,0.40263158,0.45604688,0,0,0,0
e2ce8e9dd9e643426297a20ab6baf750ccf9f062863b558e,triviaqa_e,8k+,3,3,0,1.00000000,1.00000000,0.00000000,1.00000000,1.00000000,0,0,0,0
e2f6373f7d78bc79306ca8454e38329e511a920f224a26f4,2wikimqa_e,4k-8k,2048,2048,0,0.00584226,0.00584226,0.00000000,0.00000000,0.00000000,1,1,0,0
e367499fba5b229051bc79021a1ad30bbd066b1f89c277f6,2wikimqa_e,8k+,5,5,0,0.00000000,0.00000000,0.00000000,0.00000000,0.00000000,0,0,0,0
e39320f4218829055d6b21d49dae66e043519591b2fb7651,gov_report_e,0-4k,2048,2048,0,0.11695414,0.14645103,0.02949689,0.00000000,0.00000000,0,0,0,0
e3b5e66382adff58b4bb667378610ea770d1c7b513024220,passage_count_e,4k-8k,2048,2048,0,0.00000000,0.00000000,0.00000000,0.00000000,0.00000000,0,0,0,0
e3befb8b3ab749be5c00517a3eee10509e98d8dad5499a8d,gov_report_e,8k+,327,440,113,0.16961131,0.16738197,-0.00222933,0.00000000,0.00000000,0,1,0,0
e3d9ae01b7e6922801225adcf673e8fc655cd8d5b1da3dbf,gov_report_e,4k-8k,330,2048,1718,0.16083009,0.13271462,-0.02811547,0.00000000,0.00000000,1,1,0,0
e431ceccabc23b11ab492c9bf6f28c3b5692616abfdf5c2e,hotpotqa_e,4k-8k,4,4,0,0.40000000,0.40000000,0.00000000,0.33333333,0.33333333,0,0,0,0
e4b07315b113665eb97e64314d6b8480ee976e6569875d08,passage_count_e,8k+,2048,2048,0,0.00000000,0.00000000,0.00000000,0.00000000,0.00000000,1,1,0,0
e4d502c274f661ba2e4a9f8685be590ffbd49627a1a61753,samsum_e,8k+,14,14,0,0.21428571,0.21428571,0.00000000,0.60000000,0.60000000,0,0,0,0
e4e692a7a8d063e08d9c0325343d90e92d7c3fb59148e898,trec_e,8k+,13,2048,2035,0.00000000,0.00000000,0.00000000,0.33333333,0.33300781,1,1,0,0
e518a1571f52207845539dc76fae72fb24ed5087ee0b293a,gov_report_e,8k+,2048,2048,0,0.11032028,0.11248808,0.00216780,0.00000000,0.00000000,0,1,0,0
e52768fb279b3ee3b37bd0b166cbb82d47024e30438a8563,repobench-p_e,4k-8k,8,10,2,0.00000000,0.00000000,0.00000000,0.66666667,0.33333333,0,0,0,0
e590c1f5c3246e8822dc120c17ff9599e227ee1a763b2bba,gov_report_e,0-4k,2048,2048,0,0.13597246,0.13597246,0.00000000,0.00000000,0.00000000,1,1,0,0
e5b346ef24cdc3b57d72ee0486138cbbff59e510eda53949,lcc_e,8k+,6,6,0,0.00000000,0.00000000,0.00000000,0.00000000,0.00000000,0,0,0,0
e5b40d119cb626c1a0d681b036b7e6f43d6f4b32865b4479,repobench-p_e,8k+,24,23,-1,0.00000000,0.00000000,0.00000000,0.80000000,1.00000000,0,0,0,0
e60860646fe75f129cabcc856ebcae7bc1a78e5432b92019,samsum_e,8k+,14,16,2,0.14814815,0.14285714,-0.00529101,0.50000000,0.45454545,0,0,0,0
e6b1d5e9d123fc27b813342bb2b6767d2f8e9b9671110766,lcc_e,0-4k,11,17,6,0.00000000,0.00000000,0.00000000,0.00000000,0.00000000,0,0,0,0
e702061391ff2f5bdeeccae56c126b936bf45b330e06c7a0,repobench-p_e,8k+,2048,2048,0,0.00000000,0.00000000,0.00000000,0.80000000,0.90000000,0,0,0,0
e71fd79076da6ff2259a596d154b78301488419a5736ac21,hotpotqa_e,8k+,3,3,0,1.00000000,1.00000000,0.00000000,0.00000000,0.00000000,0,0,0,0
e76d7773479217bc8bfe72c28b02a9fc4dd6aff61204039a,passage_retrieval_en_e,4k-8k,5,5,0,0.00000000,0.00000000,0.00000000,0.00000000,0.00000000,0,0,0,0
e76dfa479902ed7538fd64855456b7d4ff3831d2d2c701aa,passage_retrieval_en_e,4k-8k,4,4,0,1.00000000,1.00000000,0.00000000,0.00000000,0.00000000,0,0,0,0
e7926c10fef2c78fa1c333f97c4a0d4f35d3fd619cbcdb45,triviaqa_e,0-4k,2048,3,-2045,0.00292398,1.00000000,0.99707602,1.00000000,1.00000000,1,0,0,0
e7af1912d971eeb3c7f5f96c5440ef649b96bda636efa14d,qasper_e,4k-8k,3,3,0,0.00000000,0.00000000,0.00000000,1.00000000,1.00000000,0,0,0,0
e7e1f1f9a6e146e6ebe8d48bdc077647df9e3c2b0251a6d5,gov_report_e,8k+,2048,2048,0,0.11096549,0.07048093,-0.04048456,0.00000000,0.00000000,0,0,0,0
e7f7901dba75ce27695abf8291df5b472f155e4b7cf57569,lcc_e,0-4k,17,17,0,0.00000000,0.00000000,0.00000000,0.00000000,0.00000000,0,0,0,0
e81063916b2de11e44c8a5e17061f930064566097744110e,trec_e,0-4k,4,4,0,1.00000000,1.00000000,0.00000000,0.00000000,0.00000000,0,0,0,0
e8414789dbe64525d8927dc2ff636d000a1f12af8d03b3a8,2wikimqa_e,0-4k,4,4,0,1.00000000,1.00000000,0.00000000,1.00000000,1.00000000,0,0,0,0
e84f6371f23c95f766248ac4e52b781f325f52f09c6eb9ae,multifieldqa_en_e,8k+,41,41,0,0.22857143,0.22857143,0.00000000,0.25000000,0.25000000,0,0,0,0
e880f7262e9424589d5140d4886d7400301bde59e1176312,multi_news_e,4k-8k,10,10,0,0.02453988,0.02453988,0.00000000,0.00000000,0.00000000,0,0,0,0
e882b085581c16d79b9fe816338a5e28fa9bada73da157b4,samsum_e,4k-8k,15,13,-2,0.23529412,0.12121212,-0.11408200,0.72727273,0.60000000,0,0,0,0
e98c5baea7322b00b22d84d5e1d79ccb756fcc9578108734,passage_count_e,4k-8k,3,4,1,0.00000000,0.00000000,0.00000000,0.00000000,0.00000000,0,0,0,0
ea5bfc8df5bf982b84d7efcb2fe719dd0778794341b06bb4,samsum_e,8k+,22,19,-3,0.14814815,0.16666667,0.01851852,0.57894737,0.56250000,0,0,0,0
ea8fcb2ba61055dda735f829215a77c20c2a2b1d35e5c22a,trec_e,4k-8k,13,13,0,0.00000000,0.00000000,0.00000000,0.00000000,0.00000000,0,0,0,0
eadd57b579a946b2a57a44fe09179711ff589d1ebed72901,passage_count_e,8k+,3,4,1,0.00000000,0.00000000,0.00000000,0.00000000,0.00000000,0,0,0,0
eaeb9ff324ddd2e892aaf08f67036c726e171b21ffe66da3,multi_news_e,0-4k,2048,30,-2018,0.04547608,0.09361702,0.04814094,0.00000000,0.00000000,0,0,0,0
eb67e4946d8c54784c30aa61dc756d82e2ed9030765f3ca5,2wikimqa_e,0-4k,6,6,0,0.00000000,0.00000000,0.00000000,0.00000000,0.00000000,0,0,0,0
ebbd87b5c458cf749032bb57bb69ba30cd54ac841b39153d,hotpotqa_e,0-4k,5,5,0,0.66666667,0.66666667,0.00000000,0.00000000,0.00000000,1,1,0,0
ec96dad9bf806f1c5597178f476df39ad6603170efabe914,2wikimqa_e,4k-8k,7,7,0,0.66666667,0.66666667,0.00000000,0.75000000,0.75000000,0,0,0,0
ecaeaa9e3094860fecd69a5572e6bac80ccc445e259a0bf1,lcc_e,8k+,20,29,9,0.00000000,0.00000000,0.00000000,0.00000000,0.00000000,0,0,0,0
ecde9842060b9101fa9edceed35332413b01be43d4940652,hotpotqa_e,8k+,10,10,0,0.00000000,0.00000000,0.00000000,0.00000000,0.00000000,0,0,0,0
ed5cc4c54d4f1e0c40ed2f1856e2a7b77727ec270fb7ea8d,2wikimqa_e,8k+,3,3,0,0.00000000,0.00000000,0.00000000,0.00000000,0.00000000,0,0,0,0
edc5a05e949253312fe2af3c4fcdab85f5bf23272d2a6b86,lcc_e,4k-8k,12,2048,2036,0.00000000,0.00000000,0.00000000,0.00000000,0.00000000,0,0,0,0
edd45d630ff415b7bd90c0065eca6f7612385c14f24d1054,hotpotqa_e,8k+,11,11,0,0.00000000,0.00000000,0.00000000,0.00000000,0.00000000,0,0,0,0
ee121c54831da8c1ba2c525d6a9d3b57b1c61e19b9d08ce8,passage_count_e,8k+,2048,2048,0,0.00000000,0.00000000,0.00000000,0.00000000,0.00000000,1,1,0,0
ee2647e9cf29dcab9c66ffea03e05e9ef7c44e0e61eee68c,hotpotqa_e,8k+,2048,2048,0,0.00000000,0.00000000,0.00000000,0.00000000,0.00000000,0,0,0,0
ee53f01eb9a44de54723ab03918b7361f2eb630a35ce7b81,multifieldqa_en_e,4k-8k,8,8,0,0.00000000,0.00000000,0.00000000,0.00000000,0.00000000,0,0,0,0
ee5d9f9d86e7e98659e3e81baff53f13807147550593b3bb,2wikimqa_e,8k+,7,7,0,0.00000000,0.00000000,0.00000000,0.33333333,0.33333333,0,0,0,0
eed3e30e13987f5e7d2b8bf2cda2d8ee48d304525a90d4eb,repobench-p_e,8k+,84,150,66,0.00000000,0.00000000,0.00000000,1.00000000,1.00000000,0,0,0,0
ef3faa552971c8c2dd04a40301cb536d27289864a68fe138,hotpotqa_e,0-4k,6,6,0,1.00000000,1.00000000,0.00000000,0.00000000,0.00000000,0,0,0,0
ef451df937dcec6ff22568b63d694787c5157b9bffe5330e,hotpotqa_e,8k+,3,3,0,0.00000000,0.00000000,0.00000000,0.00000000,0.00000000,0,0,0,0
ef4740263d17ac0f2efd5d40bf9d2d62384c6826227aee50,gov_report_e,0-4k,2048,2048,0,0.07278020,0.08708273,0.01430252,0.00000000,0.00000000,0,0,0,0
ef7ea636cb08eb10f75d4aef09ff2d5a16263c4583e6d036,multi_news_e,8k+,2048,719,-1329,0.03075233,0.15017878,0.11942645,0.00000000,0.00000000,0,1,0,0
efdd48a95cab2b87767bd194ede5acf88e618582daee3d06,multi_news_e,4k-8k,312,312,0,0.16563147,0.16149068,-0.00414079,0.00000000,0.00000000,0,0,0,0
f0e14b404e9ff2b697b784fd8395d8eeecd279eaff02df1a,2wikimqa_e,8k+,8,8,0,0.00000000,0.00000000,0.00000000,1.00000000,1.00000000,0,0,0,0
f0e60dbc6890e706835583d8f0df3574fae87ab373935366,hotpotqa_e,4k-8k,5,4,-1,1.00000000,1.00000000,0.00000000,0.00000000,0.00000000,0,0,0,0
f0e68fba69cde58557b8eb2084fed9c8d0d45499288b6077,triviaqa_e,8k+,2048,2048,0,0.00000000,0.00000000,0.00000000,1.00000000,1.00000000,0,0,0,0
f191123529d4af95da1b1c340fd762ffc8e51911d24917e4,samsum_e,8k+,10,10,0,0.37500000,0.37500000,0.00000000,0.87500000,0.87500000,0,0,0,0
f1b27c9b1e5e3c79b01d560da3336cafba5dd2db5f475845,2wikimqa_e,8k+,6,6,0,1.00000000,1.00000000,0.00000000,1.00000000,1.00000000,0,0,0,0
f35d58d8b2eedeca1020fb62df444121f7538f16cbf4c6e8,repobench-p_e,4k-8k,16,16,0,0.00000000,0.00000000,0.00000000,1.00000000,1.00000000,0,0,0,0
f479830ec67206a7edd48ae2ac6f8fc1f639da89caf1a0d2,2wikimqa_e,0-4k,9,9,0,0.57142857,0.57142857,0.00000000,1.00000000,1.00000000,1,1,0,0
f484b776361a67723ef4de6a273430f985cd6550ff64dfad,lcc_e,8k+,7,7,0,1.00000000,1.00000000,0.00000000,0.00000000,0.00000000,0,0,0,0
f499993290da21987d19ce8b47d71a699649d282ee281564,passage_retrieval_en_e,4k-8k,5,5,0,0.00000000,0.00000000,0.00000000,0.00000000,0.00000000,0,0,0,0
f49faf714e393b121cde34594203f150390524a8ba41d294,passage_retrieval_en_e,4k-8k,4,4,0,1.00000000,1.00000000,0.00000000,0.00000000,0.00000000,0,0,0,0
f4a2ca446392424def82aedb5cd9c48b73dead7e3ac5e14d,multi_news_e,4k-8k,106,74,-32,0.16513761,0.11302211,-0.05211550,0.00000000,0.00000000,0,0,0,0
f4b1a640cc8ba965011a362255c3157375b90cdb0f7c4e06,repobench-p_e,8k+,11,11,0,0.00000000,0.00000000,0.00000000,1.00000000,1.00000000,0,0,0,0
f550ce653b0b4cb6dd5bf1e6580cf5bdb2481a54197866a2,samsum_e,8k+,2048,2048,0,0.01001879,0.00673854,-0.00328024,0.79708307,0.79849727,0,0,0,0
f55cf200e3844776073c0daef44b8d603dbf9916528b5a56,gov_report_e,4k-8k,2048,456,-1592,0.14548642,0.14327772,-0.00220869,0.00000000,0.00000000,0,0,0,0
f585832d9c78624dd328e1ad307cb6a6a33f3ef90f350c42,passage_count_e,8k+,2048,2048,0,0.00000000,0.00000000,0.00000000,0.00000000,0.00000000,0,0,0,0
f5869c40e6769b067b8cf2c23ce1c62ac89b3f7e7e05c2fb,lcc_e,8k+,9,9,0,0.00000000,0.00000000,0.00000000,0.00000000,0.00000000,0,0,0,0
f5bfddd2fece4be4fa362a8488c27697d145d956ce263073,trec_e,4k-8k,9,2048,2039,0.00000000,0.00000000,0.00000000,0.00000000,0.00000000,1,1,0,0
f5c2b24dba551adbcd8073f94eb266f133be7afe9c42381d,multi_news_e,4k-8k,258,195,-63,0.15801354,0.16336634,0.00535279,0.00000000,0.00000000,0,0,0,0
f665afe71c506cbe15d8afc63ccfea2ed597744f019d0580,repobench-p_e,4k-8k,39,16,-23,0.00000000,0.00000000,0.00000000,0.42857143,0.80000000,0,0,0,0
f6aafe7a334d58da576edc01661027783996a0b4164e3508,lcc_e,8k+,2,3,1,0.00000000,0.00000000,0.00000000,0.00000000,0.00000000,0,0,1,0
f7270d5ce192416ef3845ebae55ed10a991b3f99e12ddd0a,gov_report_e,4k-8k,354,89,-265,0.15960100,0.09671848,-0.06288252,0.00000000,0.00000000,0,0,0,0
f736c3024578d2be3616b0d4713bc1309fe7a527c3969dbe,lcc_e,8k+,34,30,-4,0.00000000,0.00000000,0.00000000,0.00000000,0.00000000,0,0,0,0
f78cb58c59ce1b9785211f39084f3c2887400a91dc71ed7a,repobench-p_e,8k+,1648,1648,0,0.00000000,0.00000000,0.00000000,0.99152542,0.99152542,1,1,0,0
f7a80199602fd125d0170e159ef8cf03b2850f0261096690,multi_news_e,0-4k,2048,2048,0,0.02918782,0.03316750,0.00397968,0.00000000,0.00000000,0,0,0,0
f7f9c73cbeb87190ba7533fe99a7e1d11d8e9b15427feb37,lcc_e,8k+,10,9,-1,0.00000000,0.00000000,0.00000000,0.00000000,0.00000000,0,0,0,0
f8832527b9381e131ecdcb4a81278fbcdd2b5e56c6215744,hotpotqa_e,8k+,4,4,0,0.00000000,0.00000000,0.00000000,0.00000000,0.00000000,0,0,0,0
f8c3191fa99b86e7f980d14f373f9b98d312405b7d96b99d,samsum_e,8k+,7,27,20,0.15000000,0.34482759,0.19482759,0.60000000,0.52173913,0,0,0,0
f8f03e369cc6325e8ddddc203767afe6f33b532dde410f51,multi_news_e,0-4k,732,2048,1316,0.04793609,0.03903016,-0.00890593,0.00000000,0.00000000,0,0,0,0
f90df17e4122b728a6b93c319d99abe5051761551ab9383a,trec_e,0-4k,2048,2048,0,0.00000000,0.00000000,0.00000000,0.00000000,0.00000000,1,1,0,0
f9b9a553107eed5b994a9aaf07e8ccac487feaa8ff108ec6,multifieldqa_en_e,8k+,33,33,0,0.00000000,0.00000000,0.00000000,0.00000000,0.00000000,0,0,0,0
f9e0095ae38b9c36aac766c4b82f41be5b7560ce8e544675,multifieldqa_en_e,8k+,35,35,0,0.00000000,0.00000000,0.00000000,0.09523810,0.09523810,0,0,0,0
f9f2f3fc1cfbc4e08ed95a2581f0c0a4065a201e9e2fb216,repobench-p_e,4k-8k,2048,2048,0,0.00000000,0.00000000,0.00000000,0.00000000,0.00000000,0,0,0,0
fa0442f1637151bf1064269a3c73a41367694b2fd56c8b77,qasper_e,8k+,5,5,0,0.53333333,0.53333333,0.00000000,0.00000000,0.00000000,0,0,0,0
fa494d162bf954ce5abc26536928ea95cd81a82a832b2eb2,2wikimqa_e,0-4k,13,13,0,0.00000000,0.00000000,0.00000000,0.44444444,0.44444444,0,0,0,0
fa8289b90db6aae9ef4cd2c0bfcc0341eb222f7622ff3f0d,lcc_e,8k+,4,20,16,0.00000000,0.00000000,0.00000000,0.00000000,0.00000000,0,1,0,0
fa98e25097942caf06cc9c4f3a8f47e7fb90868e2997af7b,lcc_e,0-4k,10,10,0,0.00000000,0.00000000,0.00000000,0.00000000,0.00000000,0,0,0,0
fac553ce8a7c108a1de56506c4c2e3f2324ee3ba2e568c48,trec_e,4k-8k,2,2,0,1.00000000,1.00000000,0.00000000,1.00000000,1.00000000,0,0,0,0
fb97d33ec1b899ebdf723a1b853c450327052d219847fb26,gov_report_e,0-4k,2048,2048,0,0.20313161,0.20237087,-0.00076074,0.00000000,0.00000000,0,0,0,0
fbbbbb320af7ffe847f5dc002b45c4d6376962e5035afc74,samsum_e,8k+,17,12,-5,0.19047619,0.16216216,-0.02831403,0.69230769,0.50000000,0,0,0,0
fbe826b34c95bf5c383820196e9cee3bc1f39dfe0642d1d3,lcc_e,8k+,8,8,0,0.00000000,0.00000000,0.00000000,0.00000000,0.00000000,0,0,0,0
fc156f28c196018bc6583845fbb02e4442f842f867b14e54,triviaqa_e,4k-8k,3,3,0,0.00000000,0.00000000,0.00000000,1.00000000,1.00000000,0,0,0,0
fc603a82fb649d5fecb6cd02cb312c6b3277d0af67fec812,multi_news_e,4k-8k,2048,2048,0,0.06740331,0.03624595,-0.03115736,0.00000000,0.00000000,0,0,0,0
fcd8a6cf66e95d9d4b6604c17cf5d9dc4f90ec6d4415440e,triviaqa_e,4k-8k,2048,2048,0,0.00000000,0.00000000,0.00000000,1.00000000,1.00000000,0,0,0,0
fd0480424369d3ea8d6b3958bde1a23a75980cf3413f7164,triviaqa_e,8k+,2048,2048,0,0.00389864,0.00389864,0.00000000,1.00000000,1.00000000,1,1,0,0
fd19d9a4730c3a4ccb9e380f0f905c6c6890895a8dcd3dba,hotpotqa_e,8k+,6,6,0,0.00000000,0.00000000,0.00000000,0.00000000,0.00000000,0,0,0,0
fd1e59ad559a3fee19e4e9ff0ee6cf34d449bb948a456bbb,passage_retrieval_en_e,4k-8k,4,5,1,1.00000000,0.00000000,-1.00000000,0.00000000,0.00000000,0,1,0,0
fdddcc53b230f5d1b6df992a615d7d88b00d3ece079ea347,gov_report_e,4k-8k,2048,2048,0,0.13542193,0.13542193,0.00000000,0.00000000,0.00000000,1,1,0,0
fe10841c2c1514f5f805e367fa7f77e26934491ff7e60b50,multi_news_e,0-4k,2048,2048,0,0.04515136,0.05120482,0.00605346,0.00000000,0.00000000,0,0,0,0
fe284936ae55063527821e9ee610ae67958789167aa4ba1a,2wikimqa_e,4k-8k,3,3,0,1.00000000,1.00000000,0.00000000,0.00000000,0.00000000,0,0,0,0
fe575b2439b40ae9d16ea644ab171cd1fd9a56f464db2545,passage_retrieval_en_e,4k-8k,75,5,-70,0.00000000,0.00000000,0.00000000,0.00000000,0.00000000,0,0,0,0
feac1266126ef65a017535d551c19f741c29144a057bac71,2wikimqa_e,4k-8k,7,7,0,0.00000000,0.00000000,0.00000000,1.00000000,1.00000000,0,0,0,0
febbf7e46065811b46026d452b97e044ca606e665d92279a,triviaqa_e,8k+,4,4,0,0.40000000,0.40000000,0.00000000,0.66666667,0.66666667,0,0,0,0
ff147ffa9d6d295cdd0bfe0d0c99ec8dc6c212c3a4d3086a,2wikimqa_e,8k+,3,3,0,1.00000000,1.00000000,0.00000000,0.00000000,0.00000000,0,0,0,0
ff1f1458c122cb17935c5b235537854af253dfffcd37f98d,2wikimqa_e,4k-8k,14,14,0,0.13333333,0.13333333,0.00000000,0.45454545,0.45454545,0,0,0,0
ff2da93ebf68b5f17fc7a7ba517067923702187fa561f91a,2wikimqa_e,8k+,25,2048,2023,0.00000000,0.00000000,0.00000000,0.71428571,0.45661451,0,0,0,0
ffec24014c6eb244b321380e67b69e0c927a2190d241b3c4,repobench-p_e,4k-8k,14,27,13,0.00000000,0.00000000,0.00000000,1.00000000,1.00000000,0,0,0,0
